{
	"credit": "Made with Blockbench",
	"texture_size": [32, 32],
	"textures": {
		"0": "item/amethyst_shard_hand",
		"particle": "item/amethyst_shard_hand"
	},
	"elements": [
		{
			"from": [6.5, 0, 6.5],
			"to": [9.5, 2, 9.5],
			"light_emission": 15,
			"rotation": {"angle": 0, "axis": "y", "origin": [8, 4, 8]},
			"faces": {
				"north": {"uv": [6, 7.5, 7.5, 8.5], "texture": "#0"},
				"east": {"uv": [1.5, 7, 3, 8], "texture": "#0"},
				"south": {"uv": [3, 7, 4.5, 8], "texture": "#0"},
				"west": {"uv": [4.5, 7, 6, 8], "texture": "#0"},
				"up": {"uv": [7.5, 7.5, 6, 6], "rotation": 90, "texture": "#0"},
				"down": {"uv": [1.5, 7, 0, 8.5], "rotation": 270, "texture": "#0"}
			}
		},
		{
			"from": [6, 2, 6],
			"to": [10, 6, 10],
			"light_emission": 15,
			"rotation": {"angle": 0, "axis": "y", "origin": [8, 4, 8]},
			"faces": {
				"north": {"uv": [6, 0, 8, 2], "texture": "#0"},
				"east": {"uv": [0, 5, 2, 7], "texture": "#0"},
				"south": {"uv": [2, 5, 4, 7], "texture": "#0"},
				"west": {"uv": [4, 5, 6, 7], "texture": "#0"},
				"up": {"uv": [8, 4, 6, 2], "rotation": 90, "texture": "#0"},
				"down": {"uv": [8, 4, 6, 6], "rotation": 270, "texture": "#0"}
			}
		},
		{
			"from": [5.5, 4, 8],
			"to": [10.5, 9, 8],
			"light_emission": 15,
			"rotation": {"angle": 0, "axis": "y", "origin": [8, 4, 8]},
			"faces": {
				"north": {"uv": [3.5, 0, 6, 2.5], "texture": "#0"},
				"east": {"uv": [0, 0, 0, 2.5], "texture": "#0"},
				"south": {"uv": [3.5, 0, 6, 2.5], "texture": "#0"},
				"west": {"uv": [0, 0, 0, 2.5], "texture": "#0"},
				"up": {"uv": [3, 0, 0, 0], "rotation": 180, "texture": "#0"},
				"down": {"uv": [3, 0, 0, 0], "rotation": 180, "texture": "#0"}
			}
		},
		{
			"from": [8, 4, 5.45],
			"to": [8, 9, 10.45],
			"light_emission": 15,
			"rotation": {"angle": 0, "axis": "y", "origin": [8, 4, 8]},
			"faces": {
				"north": {"uv": [0, 0, 0, 2.5], "texture": "#0"},
				"east": {"uv": [3.5, 0, 6, 2.5], "texture": "#0"},
				"south": {"uv": [0, 0, 0, 2.5], "texture": "#0"},
				"west": {"uv": [3.5, 0, 6, 2.5], "texture": "#0"},
				"up": {"uv": [3, 0, 0, 0], "rotation": 90, "texture": "#0"},
				"down": {"uv": [3, 0, 0, 0], "rotation": 270, "texture": "#0"}
			}
		}
	],
	"display": {
		"thirdperson_righthand": {
			"translation": [0, 4, 1.5],
			"scale": [0.6, 0.6, 0.6]
		},
		"thirdperson_lefthand": {
			"translation": [0, 4, 1.5],
			"scale": [0.6, 0.6, 0.6]
		},
		"firstperson_righthand": {
			"rotation": [168.42, 76.25, 170.38],
			"translation": [0.75, 7, 1.25],
			"scale": [0.7, 0.7, 0.7]
		},
		"firstperson_lefthand": {
			"rotation": [168.42, 76.25, 170.38],
			"translation": [0.75, 7, 1.25],
			"scale": [0.7, 0.7, 0.7]
		},
		"gui": {
			"rotation": [30, 45, 0],
			"translation": [0, 4.25, 0],
			"scale": [1.5, 1.5, 1.5]
		}
	},
	"groups": [
		{
			"name": "shard",
			"origin": [9.45, 6, 6],
			"color": 0,
			"children": [0, 1, 2, 3]
		}
	]
}