{
	"credit": "Made with Blockbench",
	"texture_size": [32, 32],
	"textures": {
		"0": "item/bone_hand",
		"particle": "item/bone_hand"
	},
	"elements": [
		{
			"from": [6.5, -4.5, 7],
			"to": [9.5, 3.5, 9],
			"rotation": {"angle": 0, "axis": "y", "origin": [7.5, -4.5, 7]},
			"faces": {
				"north": {"uv": [0, 0, 1.5, 4], "texture": "#0"},
				"east": {"uv": [3, 0, 4, 4], "texture": "#0"},
				"south": {"uv": [0, 0, 1.5, 4], "texture": "#0"},
				"west": {"uv": [4, 0, 5, 4], "texture": "#0"},
				"up": {"uv": [1.5, 5, 0, 4], "texture": "#0"},
				"down": {"uv": [6.5, 0, 5, 1], "texture": "#0"}
			}
		},
		{
			"from": [5.5, -7.5, 6.5],
			"to": [10.5, -4.5, 9.5],
			"rotation": {"angle": 0, "axis": "y", "origin": [8.5, -7.5, 7.5]},
			"faces": {
				"north": {"uv": [7.5, 6, 5, 4.5], "texture": "#0"},
				"east": {"uv": [6.5, 7.5, 8, 6], "texture": "#0"},
				"south": {"uv": [5, 4.5, 7.5, 3], "texture": "#0"},
				"west": {"uv": [6.5, 7.5, 8, 6], "texture": "#0"},
				"up": {"uv": [5, 7, 2.5, 5.5], "texture": "#0"},
				"down": {"uv": [2.5, 5.5, 0, 7], "texture": "#0"}
			}
		},
		{
			"from": [5.35, 3.4, 6.35],
			"to": [10.6, 6.65, 9.6],
			"rotation": {"angle": 0, "axis": "y", "origin": [8.6, 3.4, 7.6]},
			"faces": {
				"north": {"uv": [1.5, 4, 4, 5.5], "texture": "#0"},
				"east": {"uv": [1.5, 0, 3, 1.5], "texture": "#0"},
				"south": {"uv": [6.5, 0, 9, 1.5], "texture": "#0"},
				"west": {"uv": [1.5, 1.5, 3, 3], "texture": "#0"},
				"up": {"uv": [2.5, 8.5, 0, 7], "texture": "#0"},
				"down": {"uv": [5, 7, 2.5, 8.5], "texture": "#0"}
			}
		},
		{
			"from": [5.35, -7.65, 6.35],
			"to": [10.6, -4.4, 9.6],
			"rotation": {"angle": 0, "axis": "z", "origin": [7.35, -4.4, 7.6]},
			"faces": {
				"north": {"uv": [1.5, 4, 4, 5.5], "rotation": 180, "texture": "#0"},
				"east": {"uv": [1.5, 1.5, 3, 3], "rotation": 180, "texture": "#0"},
				"south": {"uv": [6.5, 0, 9, 1.5], "rotation": 180, "texture": "#0"},
				"west": {"uv": [1.5, 0, 3, 1.5], "rotation": 180, "texture": "#0"},
				"up": {"uv": [5, 7, 2.5, 8.5], "rotation": 180, "texture": "#0"},
				"down": {"uv": [2.5, 8.5, 0, 7], "rotation": 180, "texture": "#0"}
			}
		},
		{
			"from": [5.5, 3.5, 6.5],
			"to": [10.5, 6.5, 9.5],
			"rotation": {"angle": 0, "axis": "y", "origin": [8.5, 3.5, 7.5]},
			"faces": {
				"north": {"uv": [5, 3, 7.5, 4.5], "texture": "#0"},
				"east": {"uv": [6.5, 1.5, 8, 3], "texture": "#0"},
				"south": {"uv": [5, 4.5, 7.5, 6], "texture": "#0"},
				"west": {"uv": [6.5, 6, 8, 7.5], "texture": "#0"},
				"up": {"uv": [2.5, 7, 0, 5.5], "texture": "#0"},
				"down": {"uv": [5, 5.5, 2.5, 7], "texture": "#0"}
			}
		},
		{
			"from": [5.5, 3.5, 6.5],
			"to": [10.5, 6.5, 9.5],
			"rotation": {"angle": 0, "axis": "y", "origin": [8.5, 3.5, 7.5]},
			"faces": {
				"north": {"uv": [5, 3, 7.5, 4.5], "texture": "#0"},
				"east": {"uv": [6.5, 1.5, 8, 3], "texture": "#0"},
				"south": {"uv": [5, 4.5, 7.5, 6], "texture": "#0"},
				"west": {"uv": [6.5, 6, 8, 7.5], "texture": "#0"},
				"up": {"uv": [2.5, 7, 0, 5.5], "texture": "#0"},
				"down": {"uv": [5, 5.5, 2.5, 7], "texture": "#0"}
			}
		}
	],
	"display": {
		"thirdperson_righthand": {
			"translation": [0, 4.75, 1],
			"scale": [0.79, 0.79, 0.79]
		},
		"thirdperson_lefthand": {
			"translation": [0, 4.75, 1],
			"scale": [0.79, 0.79, 0.79]
		},
		"firstperson_righthand": {
			"rotation": [168.42, 76.25, 170.38],
			"translation": [0.75, 7, 1.25],
			"scale": [0.8, 0.8, 0.8]
		},
		"firstperson_lefthand": {
			"rotation": [168.42, 76.25, 170.38],
			"translation": [0.75, 7, 1.25],
			"scale": [0.8, 0.8, 0.8]
		},
		"gui": {
			"rotation": [30, 45, 0],
			"translation": [0, 7.25, 0]
		}
	},
	"groups": [
		{
			"name": "handle",
			"origin": [7.5, 0, 7.5],
			"color": 0,
			"children": [0, 1, 2, 3, 4, 5]
		}
	]
}