{
	"credit": "Made with Blockbench",
	"texture_size": [32, 32],
	"textures": {
		"0": "item/book_hand",
		"particle": "item/book_hand"
	},
	"elements": [
		{
			"from": [6.5, -1, 5],
			"to": [7.5, 9, 12],
			"rotation": {"angle": 0, "axis": "y", "origin": [6.5, 4, 8]},
			"faces": {
				"north": {"uv": [7, 9.5, 12, 10], "rotation": 270, "texture": "#0"},
				"east": {"uv": [3.5, 5, 0, 0], "rotation": 180, "texture": "#0"},
				"south": {"uv": [7, 9, 12, 9.5], "rotation": 90, "texture": "#0"},
				"west": {"uv": [7, 0, 3.5, 5], "texture": "#0"},
				"up": {"uv": [10, 7.5, 13.5, 8], "rotation": 90, "texture": "#0"},
				"down": {"uv": [10, 7, 13.5, 7.5], "rotation": 90, "texture": "#0"}
			}
		},
		{
			"from": [7.5, -0.5, 5],
			"to": [8.5, 8.5, 11],
			"rotation": {"angle": 0, "axis": "y", "origin": [7.5, 4.5, 7]},
			"faces": {
				"north": {"uv": [10, 6.5, 14.5, 7], "rotation": 270, "texture": "#0"},
				"east": {"uv": [10, 4.5, 7, 0], "rotation": 180, "texture": "#0"},
				"south": {"uv": [5.5, 10, 10, 10.5], "rotation": 90, "texture": "#0"},
				"west": {"uv": [10, 4.5, 7, 9], "texture": "#0"},
				"up": {"uv": [0, 10.5, 3, 11], "rotation": 90, "texture": "#0"},
				"down": {"uv": [10, 10, 13, 10.5], "rotation": 90, "texture": "#0"}
			}
		},
		{
			"from": [8.5, -1, 5],
			"to": [9.5, 9, 12],
			"rotation": {"angle": 0, "axis": "y", "origin": [8.5, 4, 8]},
			"faces": {
				"north": {"uv": [10, 0, 15, 0.5], "rotation": 270, "texture": "#0"},
				"east": {"uv": [3.5, 10, 0, 5], "rotation": 180, "texture": "#0"},
				"south": {"uv": [0, 10, 5, 10.5], "rotation": 90, "texture": "#0"},
				"west": {"uv": [7, 5, 3.5, 10], "texture": "#0"},
				"up": {"uv": [10, 8.5, 13.5, 9], "rotation": 90, "texture": "#0"},
				"down": {"uv": [10, 8, 13.5, 8.5], "rotation": 90, "texture": "#0"}
			}
		},
		{
			"from": [7.5, -1, 11],
			"to": [8.5, 9, 12],
			"rotation": {"angle": 0, "axis": "y", "origin": [8.5, 4, 8]},
			"faces": {
				"north": {"uv": [10, 1, 15, 1.5], "rotation": 270, "texture": "#0"},
				"east": {"uv": [10.5, 6.5, 10, 1.5], "rotation": 180, "texture": "#0"},
				"south": {"uv": [10, 0.5, 15, 1], "rotation": 90, "texture": "#0"},
				"west": {"uv": [5.5, 10, 5, 15], "texture": "#0"},
				"up": {"uv": [10.5, 2, 11, 2.5], "rotation": 90, "texture": "#0"},
				"down": {"uv": [10.5, 1.5, 11, 2], "rotation": 90, "texture": "#0"}
			}
		}
	],
	"display": {
		"thirdperson_righthand": {
			"rotation": [0, -180, 0],
			"translation": [0, 1.5, -0.5],
			"scale": [0.8, 0.8, 0.8]
		},
		"thirdperson_lefthand": {
			"rotation": [0, -180, 0],
			"translation": [0, 1.5, -0.5],
			"scale": [0.8, 0.8, 0.8]
		},
		"firstperson_righthand": {
			"rotation": [168.42, 76.25, 170.38],
			"translation": [0.75, 7, 1.25],
			"scale": [0.8, 0.8, 0.8]
		},
		"firstperson_lefthand": {
			"rotation": [168.42, 76.25, 170.38],
			"translation": [0.75, 7, 1.25],
			"scale": [0.8, 0.8, 0.8]
		},
		"gui": {
			"rotation": [30, -135, 0],
			"translation": [0, 3, 0]
		}
	},
	"groups": [
		{
			"name": "book",
			"origin": [6, 2, 7.5],
			"color": 0,
			"children": [0, 1, 2, 3]
		}
	]
}