{
	"credit": "Made with Blockbench",
	"textures": {
		"0": "item/bordure_indented_banner_pattern_hand",
		"particle": "item/bordure_indented_banner_pattern_hand"
	},
	"elements": [
		{
			"from": [10, 0, 8],
			"to": [18, 2, 10],
			"rotation": {"angle": 0, "axis": "y", "origin": [14, -3, 9]},
			"faces": {
				"north": {"uv": [8, 0, 16, 2], "texture": "#0"},
				"east": {"uv": [10, 10, 8, 12], "texture": "#0"},
				"south": {"uv": [8, 4, 16, 2], "texture": "#0"},
				"west": {"uv": [8, 10, 10, 12], "texture": "#0"},
				"up": {"uv": [16, 0, 8, 2], "texture": "#0"},
				"down": {"uv": [16, 2, 8, 4], "texture": "#0"}
			}
		},
		{
			"from": [10, -8, 10],
			"to": [18, 0, 10],
			"rotation": {"angle": 0, "axis": "y", "origin": [14, -3, 9]},
			"faces": {
				"north": {"uv": [0, 0, 8, 8], "texture": "#0"},
				"east": {"uv": [0, 0, 0, 8], "texture": "#0"},
				"south": {"uv": [0, 0, 8, 8], "texture": "#0"},
				"west": {"uv": [0, 0, 0, 8], "texture": "#0"},
				"up": {"uv": [8, 0, 0, 0], "texture": "#0"},
				"down": {"uv": [8, 0, 0, 0], "texture": "#0"}
			}
		},
		{
			"from": [9, 0.5, 8.5],
			"to": [10, 1.5, 9.5],
			"rotation": {"angle": 0, "axis": "y", "origin": [14, -3, 9]},
			"faces": {
				"north": {"uv": [10, 8, 11, 9], "texture": "#0"},
				"east": {"uv": [10, 9, 11, 10], "texture": "#0"},
				"south": {"uv": [10, 10, 11, 11], "texture": "#0"},
				"west": {"uv": [11, 8, 12, 9], "texture": "#0"},
				"up": {"uv": [12, 10, 11, 9], "texture": "#0"},
				"down": {"uv": [11, 11, 10, 12], "texture": "#0"}
			}
		},
		{
			"from": [18, 0.5, 8.5],
			"to": [19, 1.5, 9.5],
			"rotation": {"angle": 0, "axis": "y", "origin": [14, -3, 9]},
			"faces": {
				"north": {"uv": [10, 8, 11, 9], "texture": "#0"},
				"east": {"uv": [10, 9, 11, 10], "texture": "#0"},
				"south": {"uv": [10, 10, 11, 11], "texture": "#0"},
				"west": {"uv": [11, 8, 12, 9], "texture": "#0"},
				"up": {"uv": [12, 10, 11, 9], "texture": "#0"},
				"down": {"uv": [11, 11, 10, 12], "texture": "#0"}
			}
		}
	],
	"display": {
		"thirdperson_righthand": {
			"rotation": [69, 0, 0],
			"translation": [-6, 2, 6]
		},
		"thirdperson_lefthand": {
			"rotation": [69, 0, 0],
			"translation": [6, 2, 6]
		},
		"firstperson_righthand": {
			"rotation": [168.42, 76.25, 170.38],
			"translation": [0.75, 7, 1.25],
			"scale": [0.8, 0.8, 0.8]
		},
		"firstperson_lefthand": {
			"rotation": [168.42, 76.25, 170.38],
			"translation": [0.75, 7, 1.25],
			"scale": [0.8, 0.8, 0.8]
		}
	},
	"groups": [
		{
			"name": "pattern",
			"origin": [8, -5, 8],
			"color": 0,
			"children": [0, 1, 2, 3]
		}
	]
}