{
	"credit": "Made with Blockbench",
	"texture_size": [32, 32],
	"textures": {
		"0": "item/bundle_hand",
		"particle": "item/bundle_hand"
	},
	"elements": [
		{
			"from": [5, 1, 5],
			"to": [11, 6, 11],
			"rotation": {"angle": 0, "axis": "y", "origin": [6, 1, 6]},
			"faces": {
				"north": {"uv": [0, 6, 3, 8.5], "texture": "#0"},
				"east": {"uv": [0, 6, 3, 8.5], "texture": "#0"},
				"south": {"uv": [0, 6, 3, 8.5], "texture": "#0"},
				"west": {"uv": [0, 6, 3, 8.5], "texture": "#0"},
				"up": {"uv": [3, 3, 0, 0], "texture": "#0"},
				"down": {"uv": [3, 3, 0, 6], "texture": "#0"}
			}
		},
		{
			"from": [7, 6, 7],
			"to": [9, 7, 9],
			"rotation": {"angle": 0, "axis": "y", "origin": [6, 6, 6]},
			"faces": {
				"north": {"uv": [7, 5, 8, 5.5], "texture": "#0"},
				"east": {"uv": [7, 5.5, 8, 6], "texture": "#0"},
				"south": {"uv": [6, 7, 7, 7.5], "texture": "#0"},
				"west": {"uv": [7, 7, 8, 7.5], "texture": "#0"},
				"up": {"uv": [7, 5, 6, 4], "texture": "#0"},
				"down": {"uv": [7, 5, 6, 6], "texture": "#0"}
			}
		},
		{
			"from": [6, 6.5, 6],
			"to": [10, 7.5, 10],
			"rotation": {"angle": 0, "axis": "y", "origin": [6, 6.5, 6]},
			"faces": {
				"north": {"uv": [6, 6, 8, 6.5], "texture": "#0"},
				"east": {"uv": [6, 6.5, 8, 7], "texture": "#0"},
				"south": {"uv": [7, 4, 9, 4.5], "texture": "#0"},
				"west": {"uv": [7, 4.5, 9, 5], "texture": "#0"},
				"up": {"uv": [8, 2, 6, 0], "texture": "#0"},
				"down": {"uv": [8, 2, 6, 4], "texture": "#0"}
			}
		},
		{
			"from": [9, 2.25, 4.75],
			"to": [10, 6.25, 8.75],
			"rotation": {"angle": 0, "axis": "y", "origin": [8, 1.25, 2.75]},
			"faces": {
				"north": {"uv": [5, 0, 5.5, 2], "texture": "#0"},
				"east": {"uv": [3, 0, 5, 2], "texture": "#0"},
				"south": {"uv": [5, 2, 5.5, 4], "texture": "#0"},
				"west": {"uv": [3, 2, 5, 4], "texture": "#0"},
				"up": {"uv": [6, 2, 5.5, 0], "texture": "#0"},
				"down": {"uv": [6, 2, 5.5, 4], "texture": "#0"}
			}
		},
		{
			"from": [7, 3.25, 4.75],
			"to": [8, 6.25, 7.75],
			"rotation": {"angle": 0, "axis": "y", "origin": [6, 1.25, 2.75]},
			"faces": {
				"north": {"uv": [3, 5.5, 3.5, 7], "texture": "#0"},
				"east": {"uv": [3, 4, 4.5, 5.5], "texture": "#0"},
				"south": {"uv": [3.5, 5.5, 4, 7], "texture": "#0"},
				"west": {"uv": [4.5, 4, 6, 5.5], "texture": "#0"},
				"up": {"uv": [4.5, 7, 4, 5.5], "texture": "#0"},
				"down": {"uv": [5, 5.5, 4.5, 7], "texture": "#0"}
			}
		}
	],
	"display": {
		"thirdperson_righthand": {
			"rotation": [-120.25, 0, -180],
			"translation": [0, 2, 0.25],
			"scale": [0.8, 0.8, 0.8]
		},
		"thirdperson_lefthand": {
			"rotation": [-120.25, 0, -180],
			"translation": [0, 2, 0.25],
			"scale": [0.8, 0.8, 0.8]
		},
		"firstperson_righthand": {
			"rotation": [-23.41, 70.62, 4.96],
			"translation": [0.75, 7, 1.25],
			"scale": [0.8, 0.8, 0.8]
		},
		"firstperson_lefthand": {
			"rotation": [-23.41, 70.62, 4.96],
			"translation": [0.75, 7, 1.25],
			"scale": [0.8, 0.8, 0.8]
		},
		"ground": {
			"translation": [0, 4.75, 0]
		},
		"gui": {
			"rotation": [30, -135, 0],
			"translation": [0, 5.25, 0],
			"scale": [1.5, 1.5, 1.5]
		}
	},
	"groups": [
		{
			"name": "bundle",
			"origin": [7, 0, 7],
			"color": 0,
			"children": [0, 1, 2, 3, 4]
		}
	]
}