{
	"credit": "Made with Blockbench",
	"texture_size": [32, 32],
	"textures": {
		"0": "item/charcoal_hand",
		"particle": "item/charcoal_hand"
	},
	"elements": [
		{
			"from": [5.5, 3, 7],
			"to": [10.5, 11, 12],
			"rotation": {"angle": 0, "axis": "y", "origin": [1.5, 3, 7]},
			"faces": {
				"north": {"uv": [0, 0, 2.5, 4], "texture": "#0"},
				"east": {"uv": [2.5, 0, 5, 4], "texture": "#0"},
				"south": {"uv": [0, 4, 2.5, 8], "texture": "#0"},
				"west": {"uv": [5, 0, 2.5, 4], "texture": "#0"},
				"up": {"uv": [7.5, 2.5, 5, 0], "texture": "#0"},
				"down": {"uv": [7.5, 2.5, 5, 5], "texture": "#0"}
			}
		},
		{
			"from": [3.5, 2.25, 5],
			"to": [7.5, 7.25, 9],
			"rotation": {"angle": 22.5, "axis": "z", "origin": [5.5, 4.75, 7]},
			"faces": {
				"north": {"uv": [5, 5, 7, 7.5], "texture": "#0"},
				"east": {"uv": [7, 5, 9, 7.5], "texture": "#0"},
				"south": {"uv": [7.5, 0, 9.5, 2.5], "texture": "#0"},
				"west": {"uv": [7.5, 2.5, 9.5, 5], "texture": "#0"},
				"up": {"uv": [7, 9.5, 5, 7.5], "texture": "#0"},
				"down": {"uv": [9, 7.5, 7, 9.5], "texture": "#0"}
			}
		},
		{
			"from": [8.5, 2.5, 6],
			"to": [11.5, 4.5, 9],
			"rotation": {"angle": -22.5, "axis": "z", "origin": [10, 3.5, 7.5]},
			"faces": {
				"north": {"uv": [3, 8, 4.5, 9], "texture": "#0"},
				"east": {"uv": [3, 9, 4.5, 10], "texture": "#0"},
				"south": {"uv": [9, 5, 10.5, 6], "texture": "#0"},
				"west": {"uv": [9, 6, 10.5, 7], "texture": "#0"},
				"up": {"uv": [1.5, 9.5, 0, 8], "texture": "#0"},
				"down": {"uv": [3, 8, 1.5, 9.5], "texture": "#0"}
			}
		}
	],
	"display": {
		"thirdperson_righthand": {
			"translation": [0, 2.75, 0.75],
			"scale": [0.6, 0.6, 0.6]
		},
		"thirdperson_lefthand": {
			"translation": [0, 2.75, 0.75],
			"scale": [0.6, 0.6, 0.6]
		},
		"firstperson_righthand": {
			"rotation": [168.42, 76.25, 170.38],
			"translation": [0.75, 7, 1.25]
		},
		"firstperson_lefthand": {
			"rotation": [168.42, 76.25, 170.38],
			"translation": [0.75, 7, 1.25]
		}
	},
	"groups": [
		{
			"name": "cool",
			"origin": [4, 0, 3],
			"color": 0,
			"children": [0, 1, 2]
		}
	]
}