{
	"credit": "Made with Blockbench",
	"texture_size": [32, 32],
	"textures": {
		"0": "item/chorus_fruit_hand",
		"particle": "item/chorus_fruit_hand"
	},
	"elements": [
		{
			"from": [5, 0, 1],
			"to": [13, 8, 9],
			"rotation": {"angle": 0, "axis": "y", "origin": [5, 0, 1]},
			"faces": {
				"north": {"uv": [0, 0, 4, 4], "texture": "#0"},
				"east": {"uv": [0, 0, 4, 4], "texture": "#0"},
				"south": {"uv": [0, 0, 4, 4], "texture": "#0"},
				"west": {"uv": [0, 0, 4, 4], "texture": "#0"},
				"up": {"uv": [4, 4, 0, 0], "texture": "#0"},
				"down": {"uv": [12, 0, 8, 4], "texture": "#0"}
			}
		},
		{
			"from": [6, 1, 0],
			"to": [12, 7, 1],
			"rotation": {"angle": 0, "axis": "y", "origin": [6, 1, 0]},
			"faces": {
				"north": {"uv": [0, 4, 3, 7], "texture": "#0"},
				"east": {"uv": [2.5, 4, 3, 7], "texture": "#0"},
				"south": {"uv": [3, 4, 0, 7], "texture": "#0"},
				"west": {"uv": [0, 4, 0.5, 7], "texture": "#0"},
				"up": {"uv": [3, 4.5, 0, 4], "texture": "#0"},
				"down": {"uv": [0, 6.5, 3, 7], "texture": "#0"}
			}
		},
		{
			"from": [13, 1, 2],
			"to": [14, 7, 8],
			"rotation": {"angle": 0, "axis": "y", "origin": [14, 1, 2]},
			"faces": {
				"north": {"uv": [0, 4, 0.5, 7], "texture": "#0"},
				"east": {"uv": [0, 4, 3, 7], "texture": "#0"},
				"south": {"uv": [2.5, 4, 3, 7], "texture": "#0"},
				"west": {"uv": [3, 4, 0, 7], "texture": "#0"},
				"up": {"uv": [3, 4.5, 0, 4], "rotation": 90, "texture": "#0"},
				"down": {"uv": [0, 6.5, 3, 7], "rotation": 270, "texture": "#0"}
			}
		},
		{
			"from": [6, 1, 9],
			"to": [12, 7, 10],
			"rotation": {"angle": 0, "axis": "y", "origin": [12, 1, 10]},
			"faces": {
				"north": {"uv": [3, 4, 0, 7], "texture": "#0"},
				"east": {"uv": [0, 4, 0.5, 7], "texture": "#0"},
				"south": {"uv": [0, 4, 3, 7], "texture": "#0"},
				"west": {"uv": [2.5, 4, 3, 7], "texture": "#0"},
				"up": {"uv": [3, 4.5, 0, 4], "rotation": 180, "texture": "#0"},
				"down": {"uv": [0, 6.5, 3, 7], "rotation": 180, "texture": "#0"}
			}
		},
		{
			"from": [4, 1, 2],
			"to": [5, 7, 8],
			"rotation": {"angle": 0, "axis": "y", "origin": [4, 1, 8]},
			"faces": {
				"north": {"uv": [2.5, 4, 3, 7], "texture": "#0"},
				"east": {"uv": [3, 4, 0, 7], "texture": "#0"},
				"south": {"uv": [0, 4, 0.5, 7], "texture": "#0"},
				"west": {"uv": [0, 4, 3, 7], "texture": "#0"},
				"up": {"uv": [3, 4.5, 0, 4], "rotation": 270, "texture": "#0"},
				"down": {"uv": [0, 6.5, 3, 7], "rotation": 90, "texture": "#0"}
			}
		},
		{
			"from": [9, 0.5, 2],
			"to": [16, 7.5, 2],
			"rotation": {"angle": -45, "axis": "y", "origin": [14, 0.5, 2]},
			"faces": {
				"north": {"uv": [3, 4, 6.5, 7.5], "texture": "#0"},
				"east": {"uv": [0, 0, 0, 3], "texture": "#0"},
				"south": {"uv": [6, 4, 9, 7], "texture": "#0"},
				"west": {"uv": [0, 0, 0, 3], "texture": "#0"},
				"up": {"uv": [3, 0, 0, 0], "texture": "#0"},
				"down": {"uv": [3, 0, 0, 0], "texture": "#0"}
			}
		},
		{
			"from": [9.75, 1, 1.5],
			"to": [15.75, 7, 1.5],
			"rotation": {"angle": -45, "axis": "y", "origin": [13.75, 1, 1.5]},
			"faces": {
				"north": {"uv": [4, 0, 7, 3], "texture": "#0"},
				"east": {"uv": [0, 0, 0, 3], "texture": "#0"},
				"south": {"uv": [6, 4, 9, 7], "texture": "#0"},
				"west": {"uv": [0, 0, 0, 3], "texture": "#0"},
				"up": {"uv": [3, 0, 0, 0], "texture": "#0"},
				"down": {"uv": [3, 0, 0, 0], "texture": "#0"}
			}
		}
	],
	"display": {
		"thirdperson_righthand": {
			"translation": [-1.25, 2.25, 1.5],
			"scale": [0.6, 0.6, 0.6]
		},
		"thirdperson_lefthand": {
			"translation": [-0.75, 2.25, 1.5],
			"scale": [0.6, 0.6, 0.6]
		},
		"firstperson_righthand": {
			"rotation": [168.42, 76.25, 170.38],
			"translation": [0.75, 7, 1.25],
			"scale": [0.6, 0.6, 0.6]
		},
		"firstperson_lefthand": {
			"rotation": [168.42, 76.25, 170.38],
			"translation": [0.75, 7, 1.25],
			"scale": [0.6, 0.6, 0.6]
		}
	},
	"groups": [
		{
			"name": "chorus",
			"origin": [8.5, -0.5, 7.5],
			"color": 0,
			"children": [0, 1, 2, 3, 4]
		},
		5,
		6
	]
}