{
	"credit": "Made with Blockbench",
	"texture_size": [32, 32],
	"textures": {
		"2": "item/diamond_hand"
	},
	"elements": [
		{
			"from": [6, 1, 6.5],
			"to": [10, 6, 9.5],
			"light_emission": 15,
			"rotation": {"angle": 0, "axis": "y", "origin": [6, 0, 6.5]},
			"faces": {
				"north": {"uv": [3, 3.5, 5, 6], "texture": "#2"},
				"east": {"uv": [5, 3.5, 6.5, 6], "texture": "#2"},
				"south": {"uv": [5, 3.5, 3, 6], "texture": "#2"},
				"west": {"uv": [5.5, 0, 7, 2.5], "texture": "#2"},
				"up": {"uv": [8.5, 5.5, 6.5, 4], "texture": "#2"},
				"down": {"uv": [9, 0, 7, 1.5], "texture": "#2"}
			}
		},
		{
			"from": [5.5, 0, 7],
			"to": [10.5, 7, 9],
			"light_emission": 15,
			"rotation": {"angle": 0, "axis": "y", "origin": [5.5, 0, 7]},
			"faces": {
				"north": {"uv": [3, 0, 5.5, 3.5], "texture": "#2"},
				"east": {"uv": [3, 6, 4, 9.5], "texture": "#2"},
				"south": {"uv": [5.5, 0, 3, 3.5], "texture": "#2"},
				"west": {"uv": [4, 6, 5, 9.5], "texture": "#2"},
				"up": {"uv": [9.5, 2.5, 7, 1.5], "texture": "#2"},
				"down": {"uv": [7.5, 7.5, 5, 8.5], "texture": "#2"}
			}
		},
		{
			"from": [7.5, 3.5, 6.49],
			"to": [8.5, 4.5, 6.49],
			"rotation": {"angle": 0, "axis": "y", "origin": [6.5, 3.5, 6.5]},
			"faces": {
				"north": {"uv": [5.5, 2.5, 6, 3], "texture": "#2"},
				"east": {"uv": [0, 0, 0, 0.5], "texture": "#2"},
				"south": {"uv": [5.5, 2.5, 6, 3], "texture": "#2"},
				"west": {"uv": [0, 0, 0, 0.5], "texture": "#2"},
				"up": {"uv": [0.5, 0, 0, 0], "texture": "#2"},
				"down": {"uv": [0.5, 0, 0, 0], "texture": "#2"}
			}
		},
		{
			"from": [7.5, 3.5, 9.51],
			"to": [8.5, 4.5, 9.51],
			"rotation": {"angle": 0, "axis": "y", "origin": [6.5, 3.5, 9.6]},
			"faces": {
				"north": {"uv": [5.5, 2.5, 6, 3], "texture": "#2"},
				"east": {"uv": [0, 0, 0, 0.5], "texture": "#2"},
				"south": {"uv": [5.5, 2.5, 6, 3], "texture": "#2"},
				"west": {"uv": [0, 0, 0, 0.5], "texture": "#2"},
				"up": {"uv": [0.5, 0, 0, 0], "texture": "#2"},
				"down": {"uv": [0.5, 0, 0, 0], "texture": "#2"}
			}
		},
		{
			"name": "cube_outline",
			"from": [10.7, 7.2, 9.2],
			"to": [5.3, -0.2, 6.8],
			"rotation": {"angle": 0, "axis": "y", "origin": [5.5, 0, 7]},
			"faces": {
				"north": {"uv": [0, 0, 2.75, 3.75], "texture": "#2"},
				"east": {"uv": [0, 4, 1.25, 7.75], "texture": "#2"},
				"south": {"uv": [0, 0, 2.75, 3.75], "texture": "#2"},
				"west": {"uv": [1.5, 4, 2.75, 7.75], "texture": "#2"},
				"up": {"uv": [7.75, 7.25, 5, 6], "texture": "#2"},
				"down": {"uv": [9.25, 2.5, 6.5, 3.75], "texture": "#2"}
			}
		}
	],
	"display": {
		"thirdperson_righthand": {
			"rotation": [0, 180, 0],
			"translation": [-0.2, 4, 1.25],
			"scale": [0.7, 0.7, 0.7]
		},
		"thirdperson_lefthand": {
			"rotation": [0, 180, 0],
			"translation": [0.2, 4, 1.25],
			"scale": [0.7, 0.7, 0.7]
		},
		"firstperson_righthand": {
			"rotation": [168.42, 76.25, 170.38],
			"translation": [0.75, 7, 1.25],
			"scale": [0.8, 0.8, 0.8]
		},
		"firstperson_lefthand": {
			"rotation": [168.42, 76.25, 170.38],
			"translation": [0.75, 7, 1.25],
			"scale": [0.8, 0.8, 0.8]
		}
	},
	"groups": [
		{
			"name": "diamond",
			"origin": [6, 3, 6.5],
			"color": 0,
			"children": [0, 1, 2, 3, 4]
		}
	]
}