{
	"credit": "Made with Blockbench",
	"texture_size": [64, 64],
	"textures": {
		"2": "item/enchanted_book_hand"
	},
	"elements": [
		{
			"from": [6.5, -1, 5],
			"to": [7.5, 9, 12],
			"rotation": {"angle": 0, "axis": "y", "origin": [8, 4.5, 8.5]},
			"faces": {
				"north": {"uv": [5.25, 0, 5.5, 2.5], "texture": "#2"},
				"east": {"uv": [0, 0, 1.75, 2.5], "texture": "#2"},
				"south": {"uv": [5.25, 2.5, 5.5, 5], "texture": "#2"},
				"west": {"uv": [1.75, 0, 3.5, 2.5], "texture": "#2"},
				"up": {"uv": [7.25, 6.25, 7, 4.5], "texture": "#2"},
				"down": {"uv": [7.25, 6.25, 7, 8], "texture": "#2"}
			}
		},
		{
			"from": [7.5, -1, 11],
			"to": [8.5, 9, 12],
			"rotation": {"angle": 0, "axis": "y", "origin": [8, 4.5, 8.5]},
			"faces": {
				"north": {"uv": [5.5, 0, 5.75, 2.5], "texture": "#2"},
				"east": {"uv": [5.5, 2.5, 5.75, 5], "texture": "#2"},
				"south": {"uv": [5.75, 0, 6, 2.5], "texture": "#2"},
				"west": {"uv": [5.75, 2.5, 6, 5], "texture": "#2"},
				"up": {"uv": [7.5, 6.5, 7.25, 6.25], "texture": "#2"},
				"down": {"uv": [7.5, 6.5, 7.25, 6.75], "texture": "#2"}
			}
		},
		{
			"from": [8.5, -1, 5],
			"to": [9.5, 9, 12],
			"rotation": {"angle": 0, "axis": "y", "origin": [8, 4.5, 8.5]},
			"faces": {
				"north": {"uv": [6, 0, 6.25, 2.5], "texture": "#2"},
				"east": {"uv": [0, 2.5, 1.75, 5], "texture": "#2"},
				"south": {"uv": [6, 2.5, 6.25, 5], "texture": "#2"},
				"west": {"uv": [1.75, 2.5, 3.5, 5], "texture": "#2"},
				"up": {"uv": [7.5, 1.75, 7.25, 0], "texture": "#2"},
				"down": {"uv": [7.5, 1.75, 7.25, 3.5], "texture": "#2"}
			}
		},
		{
			"from": [7.5, -0.5, 5.5],
			"to": [8.5, 8.5, 11.5],
			"rotation": {"angle": 0, "axis": "y", "origin": [8, 4.5, 8.5]},
			"faces": {
				"north": {"uv": [7, 0, 7.25, 2.25], "texture": "#2"},
				"east": {"uv": [3.5, 5, 5, 7.25], "texture": "#2"},
				"south": {"uv": [7, 2.25, 7.25, 4.5], "texture": "#2"},
				"west": {"uv": [5, 5, 6.5, 7.25], "texture": "#2"},
				"up": {"uv": [4.5, 8.75, 4.25, 7.25], "texture": "#2"},
				"down": {"uv": [4.75, 7.25, 4.5, 8.75], "texture": "#2"}
			}
		},
		{
			"from": [7.5, 1, 5],
			"to": [8.5, 3, 5],
			"rotation": {"angle": 0, "axis": "y", "origin": [8, 4.5, 8.5]},
			"faces": {
				"north": {"uv": [7.25, 5.75, 7.5, 6.25], "texture": "#2"},
				"east": {"uv": [0, 0, 0, 0.5], "texture": "#2"},
				"south": {"uv": [6.25, 7.25, 6.5, 7.75], "texture": "#2"},
				"west": {"uv": [0, 0, 0, 0.5], "texture": "#2"},
				"up": {"uv": [0.25, 0, 0, 0], "texture": "#2"},
				"down": {"uv": [0.25, 0, 0, 0], "texture": "#2"}
			}
		},
		{
			"from": [7, 1, 4.5],
			"to": [9, 3, 6.5],
			"light_emission": 15,
			"rotation": {"angle": 0, "axis": "y", "origin": [8, 4.5, 8.5]},
			"faces": {
				"north": {"uv": [4.75, 7.25, 5.25, 7.75], "texture": "#2"},
				"east": {"uv": [5.25, 7.25, 5.75, 7.75], "texture": "#2"},
				"south": {"uv": [7.25, 5.25, 7.75, 5.75], "texture": "#2"},
				"west": {"uv": [5.75, 7.25, 6.25, 7.75], "texture": "#2"},
				"up": {"uv": [4.75, 7.75, 5.25, 7.25], "texture": "#2"},
				"down": {"uv": [4.75, 7.25, 5.25, 7.75], "texture": "#2"}
			}
		},
		{
			"name": "cube_outline",
			"from": [9.7, 9.2, 12.2],
			"to": [8.3, -1.2, 4.8],
			"rotation": {"angle": 0, "axis": "y", "origin": [8, 4.5, 8.5]},
			"faces": {
				"north": {"uv": [6.25, 0, 6.5, 2.5], "texture": "#2"},
				"east": {"uv": [3.5, 0, 5.25, 2.5], "texture": "#2"},
				"south": {"uv": [6.25, 2.5, 6.5, 5], "texture": "#2"},
				"west": {"uv": [3.5, 2.5, 5.25, 5], "texture": "#2"},
				"up": {"uv": [3.75, 9, 3.5, 7.25], "texture": "#2"},
				"down": {"uv": [7.5, 3.5, 7.25, 5.25], "texture": "#2"}
			}
		},
		{
			"name": "cube_outline",
			"from": [8.7, 9.2, 12.2],
			"to": [7.3, -1.2, 10.8],
			"rotation": {"angle": 0, "axis": "y", "origin": [8, 4.5, 8.5]},
			"faces": {
				"north": {"uv": [6.5, 0, 6.75, 2.5], "texture": "#2"},
				"east": {"uv": [6.5, 2.5, 6.75, 5], "texture": "#2"},
				"south": {"uv": [6.5, 5, 6.75, 7.5], "texture": "#2"},
				"west": {"uv": [6.75, 0, 7, 2.5], "texture": "#2"},
				"up": {"uv": [7.5, 7, 7.25, 6.75], "texture": "#2"},
				"down": {"uv": [7.5, 7, 7.25, 7.25], "texture": "#2"}
			}
		},
		{
			"name": "cube_outline",
			"from": [7.7, 9.2, 12.2],
			"to": [6.3, -1.2, 4.8],
			"rotation": {"angle": 0, "axis": "y", "origin": [8, 4.5, 8.5]},
			"faces": {
				"north": {"uv": [6.75, 2.5, 7, 5], "texture": "#2"},
				"east": {"uv": [0, 5, 1.75, 7.5], "texture": "#2"},
				"south": {"uv": [6.75, 5, 7, 7.5], "texture": "#2"},
				"west": {"uv": [1.75, 5, 3.5, 7.5], "texture": "#2"},
				"up": {"uv": [4, 9, 3.75, 7.25], "texture": "#2"},
				"down": {"uv": [4.25, 7.25, 4, 9], "texture": "#2"}
			}
		}
	],
	"display": {
		"thirdperson_righthand": {
			"rotation": [0, -180, 0],
			"translation": [0, 1.5, -0.5],
			"scale": [0.8, 0.8, 0.8]
		},
		"thirdperson_lefthand": {
			"rotation": [0, -180, 0],
			"translation": [0, 1.5, -0.5],
			"scale": [0.8, 0.8, 0.8]
		},
		"firstperson_righthand": {
			"rotation": [168.42, 76.25, 170.38],
			"translation": [0.75, 7, 1.25],
			"scale": [0.8, 0.8, 0.8]
		},
		"firstperson_lefthand": {
			"rotation": [168.42, 76.25, 170.38],
			"translation": [0.75, 7, 1.25],
			"scale": [0.8, 0.8, 0.8]
		},
		"gui": {
			"rotation": [30, -135, 0],
			"translation": [0, 3, 0]
		}
	},
	"groups": [
		{
			"name": "book",
			"origin": [6, 2, 7.5],
			"color": 0,
			"children": [0, 1, 2, 3, 4, 5, 6, 7, 8]
		}
	]
}