{
	"credit": "Made with Blockbench",
	"texture_size": [32, 32],
	"textures": {
		"2": "item/ender_eye_hand"
	},
	"elements": [
		{
			"from": [5, 1, 5],
			"to": [11, 7, 11],
			"rotation": {"angle": 0, "axis": "y", "origin": [8, 1, 8]},
			"faces": {
				"north": {"uv": [0, 0, 3, 3], "texture": "#2"},
				"east": {"uv": [0, 3, 3, 6], "texture": "#2"},
				"south": {"uv": [3, 0, 6, 3], "texture": "#2"},
				"west": {"uv": [3, 3, 6, 6], "texture": "#2"},
				"up": {"uv": [3, 9, 0, 6], "texture": "#2"},
				"down": {"uv": [9, 0, 6, 3], "texture": "#2"}
			}
		},
		{
			"from": [7.5, 2.5, 4.65],
			"to": [8.5, 5.5, 4.65],
			"rotation": {"angle": 0, "axis": "y", "origin": [8, 1, 7.9]},
			"faces": {
				"north": {"uv": [9, 3, 9.5, 4.5], "texture": "#2"},
				"east": {"uv": [0, 0, 0, 1.5], "texture": "#2"},
				"south": {"uv": [9, 4.5, 9.5, 6], "texture": "#2"},
				"west": {"uv": [0, 0, 0, 1.5], "texture": "#2"},
				"up": {"uv": [0.5, 0, 0, 0], "texture": "#2"},
				"down": {"uv": [0.5, 0, 0, 0], "texture": "#2"}
			}
		},
		{
			"from": [8.75, 4.75, 4.65],
			"to": [9.75, 5.75, 4.65],
			"rotation": {"angle": 0, "axis": "y", "origin": [8, 1, 7.9]},
			"faces": {
				"north": {"uv": [6, 9, 6.5, 9.5], "texture": "#2"},
				"east": {"uv": [0, 0, 0, 0.5], "texture": "#2"},
				"south": {"uv": [9, 6, 9.5, 6.5], "texture": "#2"},
				"west": {"uv": [0, 0, 0, 0.5], "texture": "#2"},
				"up": {"uv": [0.5, 0, 0, 0], "texture": "#2"},
				"down": {"uv": [0.5, 0, 0, 0], "texture": "#2"}
			}
		},
		{
			"name": "cube_outline",
			"from": [11.2, 7.2, 11.2],
			"to": [4.8, 0.8, 4.8],
			"rotation": {"angle": 0, "axis": "y", "origin": [8, 1, 8]},
			"faces": {
				"north": {"uv": [3, 6, 6, 9], "texture": "#2"},
				"east": {"uv": [6, 3, 9, 6], "texture": "#2"},
				"south": {"uv": [6, 6, 9, 9], "texture": "#2"},
				"west": {"uv": [0, 9, 3, 12], "texture": "#2"},
				"up": {"uv": [12, 3, 9, 0], "texture": "#2"},
				"down": {"uv": [6, 9, 3, 12], "texture": "#2"}
			}
		}
	],
	"display": {
		"thirdperson_righthand": {
			"rotation": [0, 138, 0],
			"translation": [0, 3.75, 1],
			"scale": [0.53, 0.53, 0.53]
		},
		"thirdperson_lefthand": {
			"rotation": [0, 138, 0],
			"translation": [0, 3.75, 1],
			"scale": [0.53, 0.53, 0.53]
		},
		"firstperson_righthand": {
			"rotation": [-7, 99, 2],
			"translation": [-0.25, 5.5, 2],
			"scale": [0.52, 0.52, 0.62]
		},
		"firstperson_lefthand": {
			"rotation": [-7, 99, 2],
			"translation": [-0.25, 5.5, 2],
			"scale": [0.52, 0.52, 0.62]
		},
		"ground": {
			"translation": [0, 4, 0],
			"scale": [0.7, 0.7, 0.7]
		},
		"gui": {
			"rotation": [30, -135, 0],
			"translation": [0, 6.5, 0],
			"scale": [1.5, 1.5, 1.5]
		},
		"head": {
			"translation": [0, 7.75, 0]
		}
	},
	"groups": [
		{
			"name": "eye",
			"origin": [8, 8, 8],
			"color": 0,
			"children": [0, 1, 2, 3]
		}
	]
}