{
	"credit": "Made with Blockbench",
	"textures": {
		"0": "item/fire_charge_hand",
		"particle": "item/fire_charge_hand"
	},
	"elements": [
		{
			"from": [5, 1, 5],
			"to": [11, 7, 11],
			"light_emission": 15,
			"rotation": {"angle": 0, "axis": "y", "origin": [11, 1, 5]},
			"faces": {
				"north": {"uv": [1.5, 1.5, 3, 3], "texture": "#0"},
				"east": {"uv": [0, 0, 1.5, 1.5], "texture": "#0"},
				"south": {"uv": [1.5, 1.5, 3, 3], "texture": "#0"},
				"west": {"uv": [0, 0, 1.5, 1.5], "texture": "#0"},
				"up": {"uv": [1.5, 4.5, 0, 3], "rotation": 90, "texture": "#0"},
				"down": {"uv": [1.5, 3, 0, 4.5], "rotation": 270, "texture": "#0"}
			}
		},
		{
			"from": [4.75, 0.75, 4.75],
			"to": [11.25, 7.25, 11.25],
			"light_emission": 15,
			"rotation": {"angle": 0, "axis": "y", "origin": [11, 1, 5]},
			"faces": {
				"north": {"uv": [0, 4.75, 1.75, 6.5], "texture": "#0"},
				"east": {"uv": [1.5, 3, 3.25, 4.75], "texture": "#0"},
				"south": {"uv": [0, 4.75, 1.75, 6.5], "texture": "#0"},
				"west": {"uv": [3.25, 3, 1.5, 4.75], "texture": "#0"},
				"up": {"uv": [6.75, 1.75, 5, 0], "rotation": 90, "texture": "#0"},
				"down": {"uv": [6.75, 0, 5, 1.75], "rotation": 270, "texture": "#0"}
			}
		},
		{
			"name": "cube_outline",
			"from": [11.2, 7.2, 11.2],
			"to": [4.8, 0.8, 4.8],
			"rotation": {"angle": 0, "axis": "y", "origin": [11, 1, 5]},
			"faces": {
				"north": {"uv": [3.5, 2, 6.75, 5.25], "texture": "#0"},
				"east": {"uv": [2, 5.5, 5.25, 8.75], "texture": "#0"},
				"south": {"uv": [3.5, 2, 6.75, 5.25], "texture": "#0"},
				"west": {"uv": [2, 5.5, 5.25, 8.75], "texture": "#0"},
				"up": {"uv": [8.75, 8.75, 5.5, 5.5], "texture": "#0"},
				"down": {"uv": [8.75, 8.75, 5.5, 5.5], "texture": "#0"}
			}
		},
		{
			"name": "cube_outline",
			"from": [11.45, 7.45, 11.45],
			"to": [4.55, 0.55, 4.55],
			"rotation": {"angle": 0, "axis": "y", "origin": [11, 1, 5]},
			"faces": {
				"north": {"uv": [0, 9, 7, 16], "texture": "#0"},
				"east": {"uv": [9, 0, 16, 7], "texture": "#0"},
				"south": {"uv": [0, 9, 7, 16], "texture": "#0"},
				"west": {"uv": [9, 0, 16, 7], "texture": "#0"},
				"up": {"uv": [14, 16, 7, 9], "texture": "#0"},
				"down": {"uv": [14, 16, 7, 9], "texture": "#0"}
			}
		}
	],
	"display": {
		"thirdperson_righthand": {
			"rotation": [0, 138, 0],
			"translation": [0, 3.75, 1],
			"scale": [0.53, 0.53, 0.53]
		},
		"thirdperson_lefthand": {
			"rotation": [0, 138, 0],
			"translation": [0, 3.75, 1],
			"scale": [0.53, 0.53, 0.53]
		},
		"firstperson_righthand": {
			"rotation": [-7, 99, 2],
			"translation": [-0.25, 5.5, 2],
			"scale": [0.52, 0.52, 0.62]
		},
		"firstperson_lefthand": {
			"rotation": [-7, 99, 2],
			"translation": [-0.25, 5.5, 2],
			"scale": [0.52, 0.52, 0.62]
		},
		"ground": {
			"translation": [0, 4, 0],
			"scale": [0.7, 0.7, 0.7]
		},
		"gui": {
			"rotation": [30, 135, 0],
			"translation": [0, 6.75, 0],
			"scale": [1.5, 1.5, 1.5]
		},
		"head": {
			"translation": [0, 7.75, 0]
		}
	},
	"groups": [
		{
			"name": "snow",
			"origin": [8, 8, 8],
			"color": 0,
			"children": [0, 1, 2, 3]
		}
	]
}