{
	"credit": "Made with Blockbench",
	"texture_size": [32, 32],
	"textures": {
		"1": "item/flint_hand"
	},
	"elements": [
		{
			"from": [6, 1, 6],
			"to": [9, 12, 12],
			"rotation": {"angle": -22.5, "axis": "x", "origin": [7, 1, 10]},
			"faces": {
				"north": {"uv": [0, 5.5, 1.5, 11], "texture": "#1"},
				"east": {"uv": [0, 0, 3, 5.5], "texture": "#1"},
				"south": {"uv": [1.5, 5.5, 3, 11], "texture": "#1"},
				"west": {"uv": [6, 0, 3, 5.5], "texture": "#1"},
				"up": {"uv": [10.5, 6.5, 9, 3.5], "texture": "#1"},
				"down": {"uv": [6, 9, 4.5, 12], "texture": "#1"}
			}
		},
		{
			"from": [7, 0, 4],
			"to": [10, 7, 8],
			"rotation": {"angle": -45, "axis": "x", "origin": [8, 2, 6]},
			"faces": {
				"north": {"uv": [7, 7, 8.5, 10.5], "texture": "#1"},
				"east": {"uv": [3, 5.5, 5, 9], "texture": "#1"},
				"south": {"uv": [8, 0, 9.5, 3.5], "texture": "#1"},
				"west": {"uv": [5, 5.5, 7, 9], "texture": "#1"},
				"up": {"uv": [11, 2, 9.5, 0], "texture": "#1"},
				"down": {"uv": [11.5, 6.5, 10, 8.5], "texture": "#1"}
			}
		},
		{
			"from": [6.988, 0, 8],
			"to": [9.988, 7, 12],
			"rotation": {"angle": 0, "axis": "x", "origin": [7.9, 2, 10]},
			"faces": {
				"north": {"uv": [7, 7, 8.5, 10.5], "texture": "#1"},
				"east": {"uv": [3, 5.5, 5, 9], "texture": "#1"},
				"south": {"uv": [8, 0, 9.5, 3.5], "texture": "#1"},
				"west": {"uv": [5, 5.5, 7, 9], "texture": "#1"},
				"up": {"uv": [11, 2, 9.5, 0], "texture": "#1"},
				"down": {"uv": [11.5, 6.5, 10, 8.5], "texture": "#1"}
			}
		}
	],
	"display": {
		"thirdperson_righthand": {
			"rotation": [0, -180, 0],
			"translation": [0, 4.25, 1.5],
			"scale": [0.7, 0.7, 0.7]
		},
		"thirdperson_lefthand": {
			"rotation": [0, -180, 0],
			"translation": [0, 4.25, 1.5],
			"scale": [0.7, 0.7, 0.7]
		},
		"firstperson_righthand": {
			"rotation": [168.42, 76.25, 170.38],
			"translation": [0.75, 7, 1.25],
			"scale": [0.8, 0.8, 0.8]
		},
		"firstperson_lefthand": {
			"rotation": [168.42, 76.25, 170.38],
			"translation": [0.75, 7, 1.25],
			"scale": [0.8, 0.8, 0.8]
		}
	},
	"groups": [
		{
			"name": "fliiint",
			"origin": [6, 0, 9],
			"color": 0,
			"children": [0, 1, 2]
		}
	]
}