{
	"credit": "Made with Blockbench",
	"texture_size": [32, 32],
	"textures": {
		"3": "item/glowstone_dust_hand",
		"particle": "item/glowstone_dust_hand"
	},
	"elements": [
		{
			"from": [4, 2, 5],
			"to": [7, 4, 8],
			"light_emission": 15,
			"rotation": {"angle": 0, "axis": "y", "origin": [6, 2, 2]},
			"faces": {
				"north": {"uv": [2.5, 6, 4, 7], "texture": "#3"},
				"east": {"uv": [10, 4.5, 11.5, 5.5], "texture": "#3"},
				"south": {"uv": [10, 5.5, 11.5, 6.5], "texture": "#3"},
				"west": {"uv": [6, 10, 7.5, 11], "texture": "#3"},
				"up": {"uv": [10, 5, 8.5, 3.5], "texture": "#3"},
				"down": {"uv": [6, 8.5, 4.5, 10], "texture": "#3"}
			}
		},
		{
			"from": [6, 2, 4],
			"to": [10, 5, 8],
			"light_emission": 15,
			"rotation": {"angle": 0, "axis": "y", "origin": [8, 2, 2]},
			"faces": {
				"north": {"uv": [6, 1.5, 8, 3], "texture": "#3"},
				"east": {"uv": [6.5, 3, 8.5, 4.5], "texture": "#3"},
				"south": {"uv": [6.5, 4.5, 8.5, 6], "texture": "#3"},
				"west": {"uv": [6.5, 6, 8.5, 7.5], "texture": "#3"},
				"up": {"uv": [2, 2, 0, 0], "texture": "#3"},
				"down": {"uv": [2, 2, 0, 4], "texture": "#3"}
			}
		},
		{
			"from": [4.5, 2, 8],
			"to": [9.5, 4, 11],
			"light_emission": 15,
			"rotation": {"angle": 0, "axis": "y", "origin": [8.5, 2, 5]},
			"faces": {
				"north": {"uv": [8, 1.5, 10.5, 2.5], "texture": "#3"},
				"east": {"uv": [10, 6.5, 11.5, 7.5], "texture": "#3"},
				"south": {"uv": [8.5, 0, 11, 1], "texture": "#3"},
				"west": {"uv": [7.5, 10, 9, 11], "texture": "#3"},
				"up": {"uv": [6.5, 5.5, 4, 4], "texture": "#3"},
				"down": {"uv": [6.5, 5.5, 4, 7], "texture": "#3"}
			}
		},
		{
			"from": [5, 4, 6],
			"to": [9, 6, 10],
			"light_emission": 15,
			"rotation": {"angle": 0, "axis": "y", "origin": [6, 4, 5]},
			"faces": {
				"north": {"uv": [8.5, 8, 10.5, 9], "texture": "#3"},
				"east": {"uv": [0, 9, 2, 10], "texture": "#3"},
				"south": {"uv": [6, 9, 8, 10], "texture": "#3"},
				"west": {"uv": [8, 9, 10, 10], "texture": "#3"},
				"up": {"uv": [4, 2, 2, 0], "texture": "#3"},
				"down": {"uv": [4, 2, 2, 4], "texture": "#3"}
			}
		},
		{
			"from": [7.2, 6, 7],
			"to": [9.2, 8, 9],
			"light_emission": 15,
			"rotation": {"angle": -22.5, "axis": "z", "origin": [6.2, 6, 4]},
			"faces": {
				"north": {"uv": [0, 11, 1, 12], "texture": "#3"},
				"east": {"uv": [11, 0, 12, 1], "texture": "#3"},
				"south": {"uv": [1, 11, 2, 12], "texture": "#3"},
				"west": {"uv": [11, 2, 12, 3], "texture": "#3"},
				"up": {"uv": [4.5, 12, 3.5, 11], "texture": "#3"},
				"down": {"uv": [5.5, 11, 4.5, 12], "texture": "#3"}
			}
		},
		{
			"name": "cube_outline",
			"from": [9.4, 8.2, 9.2],
			"to": [7, 5.8, 6.8],
			"light_emission": 15,
			"rotation": {"angle": -22.5, "axis": "z", "origin": [6.2, 6, 4]},
			"faces": {
				"north": {"uv": [5.5, 11, 6.5, 12], "texture": "#3"},
				"east": {"uv": [6.5, 11, 7.5, 12], "texture": "#3"},
				"south": {"uv": [7.5, 11, 8.5, 12], "texture": "#3"},
				"west": {"uv": [8.5, 11, 9.5, 12], "texture": "#3"},
				"up": {"uv": [10.5, 12, 9.5, 11], "texture": "#3"},
				"down": {"uv": [11.5, 11, 10.5, 12], "texture": "#3"}
			}
		},
		{
			"name": "cube_outline",
			"from": [9.2, 6.2, 10.2],
			"to": [4.8, 3.8, 5.8],
			"light_emission": 15,
			"rotation": {"angle": 0, "axis": "y", "origin": [6, 4, 5]},
			"faces": {
				"north": {"uv": [2, 9.5, 4, 10.5], "texture": "#3"},
				"east": {"uv": [0, 10, 2, 11], "texture": "#3"},
				"south": {"uv": [10, 3.5, 12, 4.5], "texture": "#3"},
				"west": {"uv": [4, 10, 6, 11], "texture": "#3"},
				"up": {"uv": [2, 6, 0, 4], "texture": "#3"},
				"down": {"uv": [6, 0, 4, 2], "texture": "#3"}
			}
		},
		{
			"name": "cube_outline",
			"from": [9.7, 4.2, 11.2],
			"to": [4.3, 1.8, 7.8],
			"light_emission": 15,
			"rotation": {"angle": 0, "axis": "y", "origin": [8.5, 2, 5]},
			"faces": {
				"north": {"uv": [2, 8.5, 4.5, 9.5], "texture": "#3"},
				"east": {"uv": [9, 10, 10.5, 11], "texture": "#3"},
				"south": {"uv": [8.5, 2.5, 11, 3.5], "texture": "#3"},
				"west": {"uv": [10, 9, 11.5, 10], "texture": "#3"},
				"up": {"uv": [2.5, 7.5, 0, 6], "texture": "#3"},
				"down": {"uv": [8.5, 0, 6, 1.5], "texture": "#3"}
			}
		},
		{
			"name": "cube_outline",
			"from": [10.2, 5.2, 8.2],
			"to": [5.8, 1.8, 3.8],
			"light_emission": 15,
			"rotation": {"angle": 0, "axis": "y", "origin": [8, 2, 2]},
			"faces": {
				"north": {"uv": [2.5, 7, 4.5, 8.5], "texture": "#3"},
				"east": {"uv": [4.5, 7, 6.5, 8.5], "texture": "#3"},
				"south": {"uv": [0, 7.5, 2, 9], "texture": "#3"},
				"west": {"uv": [6.5, 7.5, 8.5, 9], "texture": "#3"},
				"up": {"uv": [4, 6, 2, 4], "texture": "#3"},
				"down": {"uv": [6, 2, 4, 4], "texture": "#3"}
			}
		},
		{
			"name": "cube_outline",
			"from": [7.2, 4.2, 8.2],
			"to": [3.8, 1.8, 4.8],
			"light_emission": 15,
			"rotation": {"angle": 0, "axis": "y", "origin": [6, 2, 2]},
			"faces": {
				"north": {"uv": [10.5, 1, 12, 2], "texture": "#3", "tintindex": 0},
				"east": {"uv": [2, 10.5, 3.5, 11.5], "texture": "#3"},
				"south": {"uv": [10.5, 7.5, 12, 8.5], "texture": "#3"},
				"west": {"uv": [10.5, 10, 12, 11], "texture": "#3"},
				"up": {"uv": [10, 6.5, 8.5, 5], "texture": "#3"},
				"down": {"uv": [10, 6.5, 8.5, 8], "texture": "#3"}
			}
		}
	],
	"display": {
		"thirdperson_righthand": {
			"translation": [0.5, 3, 2],
			"scale": [0.5, 0.5, 0.5]
		},
		"thirdperson_lefthand": {
			"translation": [0.5, 3, 2],
			"scale": [0.5, 0.5, 0.5]
		},
		"firstperson_righthand": {
			"rotation": [-23.41, 70.62, 4.96],
			"translation": [0.75, 7, 1.25],
			"scale": [0.8, 0.8, 0.8]
		},
		"firstperson_lefthand": {
			"rotation": [-23.41, 70.62, 4.96],
			"translation": [0.75, 7, 1.25],
			"scale": [0.8, 0.8, 0.8]
		}
	},
	"groups": [
		{
			"name": "shit",
			"origin": [7.2, 4, 4],
			"color": 0,
			"children": [0, 1, 2, 3, 4, 5, 6, 7, 8, 9]
		}
	]
}