{
	"credit": "Made with Blockbench",
	"texture_size": [32, 32],
	"textures": {
		"0": "item/heart_of_the_sea_hand",
		"particle": "item/heart_of_the_sea_hand"
	},
	"elements": [
		{
			"from": [5, 0.5, 5.75],
			"to": [11, 6.5, 11.75],
			"light_emission": 15,
			"rotation": {"angle": 0, "axis": "y", "origin": [8, 0.5, 8.75]},
			"faces": {
				"north": {"uv": [3, 3, 6, 6], "texture": "#0"},
				"east": {"uv": [0, 0, 3, 3], "texture": "#0"},
				"south": {"uv": [0, 3, 3, 6], "texture": "#0"},
				"west": {"uv": [3, 0, 6, 3], "texture": "#0"},
				"up": {"uv": [3, 9, 0, 6], "rotation": 90, "texture": "#0"},
				"down": {"uv": [9, 0, 6, 3], "rotation": 270, "texture": "#0"}
			}
		},
		{
			"from": [4.75, 3, 5.5],
			"to": [4.75, 4, 12],
			"light_emission": 15,
			"rotation": {"angle": 0, "axis": "y", "origin": [8, 0.5, 8.75]},
			"faces": {
				"north": {"uv": [9, 0, 12.5, 0.5], "texture": "#0"},
				"east": {"uv": [6.5, 7, 10, 7.5], "texture": "#0"},
				"south": {"uv": [6.5, 7, 10, 7.5], "texture": "#0"},
				"west": {"uv": [9, 0.5, 12.5, 1], "texture": "#0"},
				"up": {"uv": [3.5, 13, 0, 9.5], "rotation": 90, "texture": "#0"},
				"down": {"uv": [7, 9.5, 3.5, 13], "rotation": 270, "texture": "#0"}
			}
		},
		{
			"from": [4.75, 3, 5.5],
			"to": [11.25, 4, 5.5],
			"light_emission": 15,
			"rotation": {"angle": 0, "axis": "y", "origin": [8, 0.5, 8.75]},
			"faces": {
				"north": {"uv": [9, 0, 12.5, 0.5], "texture": "#0"},
				"east": {"uv": [6.5, 6.5, 10, 7], "texture": "#0"},
				"south": {"uv": [6.5, 7, 10, 7.5], "texture": "#0"},
				"west": {"uv": [9, 0.5, 12.5, 1], "texture": "#0"},
				"up": {"uv": [3.5, 13, 0, 9.5], "rotation": 90, "texture": "#0"},
				"down": {"uv": [7, 9.5, 3.5, 13], "rotation": 270, "texture": "#0"}
			}
		},
		{
			"from": [4.75, 3, 12],
			"to": [11.25, 4, 12],
			"light_emission": 15,
			"rotation": {"angle": 0, "axis": "y", "origin": [8, 0.5, 8.75]},
			"faces": {
				"north": {"uv": [9, 0.5, 12.5, 1], "texture": "#0"},
				"east": {"uv": [6.5, 6.5, 10, 7], "texture": "#0"},
				"south": {"uv": [6.5, 7, 10, 7.5], "texture": "#0"},
				"west": {"uv": [9, 0.5, 12.5, 1], "texture": "#0"},
				"up": {"uv": [3.5, 13, 0, 9.5], "rotation": 90, "texture": "#0"},
				"down": {"uv": [7, 9.5, 3.5, 13], "rotation": 270, "texture": "#0"}
			}
		},
		{
			"from": [11.25, 3, 5.5],
			"to": [11.25, 4, 12],
			"light_emission": 15,
			"rotation": {"angle": 0, "axis": "y", "origin": [8, 0.5, 8.75]},
			"faces": {
				"north": {"uv": [9, 0, 12.5, 0.5], "texture": "#0"},
				"east": {"uv": [6.5, 6.5, 10, 7], "texture": "#0"},
				"south": {"uv": [6.5, 7, 10, 7.5], "texture": "#0"},
				"west": {"uv": [9, 0.5, 12.5, 1], "texture": "#0"},
				"up": {"uv": [3.5, 13, 0, 9.5], "rotation": 90, "texture": "#0"},
				"down": {"uv": [7, 9.5, 3.5, 13], "rotation": 270, "texture": "#0"}
			}
		}
	],
	"display": {
		"thirdperson_righthand": {
			"translation": [0, 3.5, 0],
			"scale": [0.6, 0.6, 0.6]
		},
		"thirdperson_lefthand": {
			"translation": [0, 3.5, 0],
			"scale": [0.6, 0.6, 0.6]
		},
		"firstperson_righthand": {
			"rotation": [168.42, 76.25, 170.38],
			"translation": [0.75, 7, 1.25],
			"scale": [0.9, 0.9, 0.9]
		},
		"firstperson_lefthand": {
			"rotation": [168.42, 76.25, 170.38],
			"translation": [0.75, 7, 1.25],
			"scale": [0.9, 0.9, 0.9]
		},
		"ground": {
			"translation": [0, 4, 0],
			"scale": [0.7, 0.7, 0.7]
		},
		"gui": {
			"rotation": [30, -45, 0],
			"translation": [0, 5.25, 0],
			"scale": [1.5, 1.5, 1.5]
		},
		"head": {
			"translation": [0, 7.75, 0]
		}
	},
	"groups": [
		{
			"name": "magma",
			"origin": [8, 8, 8],
			"color": 0,
			"children": [0, 1, 2, 3, 4]
		}
	]
}