{
	"credit": "Made with Blockbench",
	"textures": {
		"0": "item/name_tag_hand",
		"particle": "item/name_tag_hand"
	},
	"elements": [
		{
			"from": [6, 2, 2],
			"to": [10, 3, 10],
			"rotation": {"angle": 0, "axis": "y", "origin": [7, 2, 2]},
			"faces": {
				"north": {"uv": [8, 4, 12, 5], "texture": "#0"},
				"east": {"uv": [3, 8, 11, 9], "texture": "#0"},
				"south": {"uv": [8, 5, 12, 6], "texture": "#0"},
				"west": {"uv": [8, 3, 16, 4], "texture": "#0"},
				"up": {"uv": [4, 8, 0, 0], "texture": "#0"},
				"down": {"uv": [4, 0, 0, 8], "texture": "#0"}
			}
		},
		{
			"from": [6, 3.1, 2],
			"to": [10, 3.1, 10],
			"rotation": {"angle": 0, "axis": "y", "origin": [7, 2.1, 2]},
			"faces": {
				"north": {"uv": [8, 4, 12, 5], "texture": "#0"},
				"east": {"uv": [3, 8, 11, 9], "texture": "#0"},
				"south": {"uv": [8, 5, 12, 6], "texture": "#0"},
				"west": {"uv": [8, 3, 16, 4], "texture": "#0"},
				"up": {"uv": [15, 16, 11, 8], "texture": "#0"},
				"down": {"uv": [11, 8, 15, 16], "texture": "#0"}
			}
		},
		{
			"from": [7.5, 1, 9],
			"to": [8.5, 4, 12],
			"rotation": {"angle": 0, "axis": "y", "origin": [7.5, 1, 9]},
			"faces": {
				"north": {"uv": [3, 9, 4, 12], "texture": "#0"},
				"east": {"uv": [0, 8, 3, 11], "texture": "#0"},
				"south": {"uv": [4, 9, 5, 12], "texture": "#0"},
				"west": {"uv": [8, 0, 11, 3], "texture": "#0"},
				"up": {"uv": [6, 12, 5, 9], "texture": "#0"},
				"down": {"uv": [7, 9, 6, 12], "texture": "#0"}
			}
		}
	],
	"display": {
		"thirdperson_righthand": {
			"rotation": [-18.75, 0, 0],
			"translation": [0, 3.75, -3.5],
			"scale": [0.81, 0.81, 0.81]
		},
		"thirdperson_lefthand": {
			"rotation": [-18.75, 0, 0],
			"translation": [0, 3.75, -3.5],
			"scale": [0.81, 0.81, 0.81]
		},
		"firstperson_righthand": {
			"rotation": [-98.06, -2.68, 18.76],
			"translation": [-0.5, -1.75, -4.5]
		},
		"firstperson_lefthand": {
			"rotation": [-98.06, -2.68, 18.76],
			"translation": [-0.5, -1.75, -4.5]
		}
	},
	"groups": [
		{
			"name": "tag",
			"origin": [7.5, -1, 10],
			"color": 0,
			"children": [0, 1, 2]
		}
	]
}