{
	"credit": "Made with Blockbench",
	"texture_size": [32, 32],
	"textures": {
		"1": "item/netherite_scrap_hand"
	},
	"elements": [
		{
			"from": [8, -2, 5],
			"to": [10, 7, 12],
			"light_emission": 15,
			"rotation": {"angle": 0, "axis": "z", "origin": [9, 6, 6]},
			"faces": {
				"north": {"uv": [3.5, 0, 4.5, 4.5], "texture": "#1"},
				"east": {"uv": [0, 0, 3.5, 4.5], "texture": "#1"},
				"south": {"uv": [0, 4.5, 1, 9], "texture": "#1"},
				"west": {"uv": [9, 0, 5.5, 4.5], "texture": "#1"},
				"up": {"uv": [5.5, 3.5, 4.5, 0], "texture": "#1"},
				"down": {"uv": [2, 4.5, 1, 8], "texture": "#1"}
			}
		},
		{
			"from": [6, -1, 8],
			"to": [8, 8, 15],
			"light_emission": 15,
			"rotation": {"angle": 22.5, "axis": "x", "origin": [7, 7, 9]},
			"faces": {
				"north": {"uv": [3.5, 0, 4.5, 4.5], "texture": "#1"},
				"east": {"uv": [0, 0, 3.5, 4.5], "texture": "#1"},
				"south": {"uv": [0, 4.5, 1, 9], "texture": "#1"},
				"west": {"uv": [9, 0, 5.5, 4.5], "texture": "#1"},
				"up": {"uv": [5.5, 3.5, 4.5, 0], "texture": "#1"},
				"down": {"uv": [2, 4.5, 1, 8], "texture": "#1"}
			}
		}
	],
	"display": {
		"thirdperson_righthand": {
			"translation": [0.25, 2.5, -1],
			"scale": [0.6, 0.6, 0.6]
		},
		"thirdperson_lefthand": {
			"translation": [0.25, 2.5, -1],
			"scale": [0.6, 0.6, 0.6]
		},
		"firstperson_righthand": {
			"rotation": [168.42, 76.25, 170.38],
			"translation": [0.75, 7, 1.25],
			"scale": [0.7, 0.7, 0.7]
		},
		"firstperson_lefthand": {
			"rotation": [168.42, 76.25, 170.38],
			"translation": [0.75, 7, 1.25],
			"scale": [0.8, 0.8, 0.8]
		}
	},
	"groups": [
		{
			"name": "scrap",
			"origin": [5, 3, 6],
			"color": 0,
			"children": [0, 1]
		}
	]
}