{
	"credit": "Made with Blockbench",
	"texture_size": [32, 32],
	"textures": {
		"0": "item/ominous_trial_key_hand",
		"1": "item/omnikey",
		"particle": "item/ominous_trial_key_hand"
	},
	"elements": [
		{
			"from": [7, -2, 7],
			"to": [9, 6, 9],
			"rotation": {"angle": 0, "axis": "y", "origin": [7, 0, 7]},
			"faces": {
				"north": {"uv": [0, 4, 1, 8], "texture": "#0"},
				"east": {"uv": [1, 4, 0, 8], "texture": "#0"},
				"south": {"uv": [2, 4, 3, 8], "texture": "#0"},
				"west": {"uv": [1, 4, 0, 8], "texture": "#0"},
				"up": {"uv": [4, 9, 3, 8], "texture": "#0"},
				"down": {"uv": [9.5, 0, 8.5, 1], "texture": "#0"}
			}
		},
		{
			"from": [5, 1, 8],
			"to": [7, 3, 8],
			"rotation": {"angle": 0, "axis": "y", "origin": [5, 0, 7]},
			"faces": {
				"north": {"uv": [0, 2.5, 1, 3.5], "texture": "#0"},
				"east": {"uv": [0, 0, 0, 1], "texture": "#0"},
				"south": {"uv": [1, 2.5, 0, 3.5], "texture": "#0"},
				"west": {"uv": [0, 0, 0, 1], "texture": "#0"},
				"up": {"uv": [1, 0, 0, 0], "texture": "#0"},
				"down": {"uv": [0, 0, 1, 0], "texture": "#0"}
			}
		},
		{
			"from": [5, -2, 8],
			"to": [7, 0, 8],
			"rotation": {"angle": 0, "axis": "y", "origin": [5, -3, 7]},
			"faces": {
				"north": {"uv": [0, 3.5, 1, 2.5], "texture": "#0"},
				"east": {"uv": [0, 0, 0, 1], "texture": "#0"},
				"south": {"uv": [1, 3.5, 0, 2.5], "texture": "#0"},
				"west": {"uv": [0, 0, 0, 1], "texture": "#0"},
				"up": {"uv": [0, 0, 1, 0], "texture": "#0"},
				"down": {"uv": [0, 0, 1, 0], "texture": "#0"}
			}
		},
		{
			"from": [9, 7, 5.499],
			"to": [11, 8, 5.499],
			"light_emission": 15,
			"rotation": {"angle": 0, "axis": "y", "origin": [8, 6, 6.4]},
			"faces": {
				"north": {"uv": [8.5, 4, 9.5, 4.5], "texture": "#0"},
				"east": {"uv": [0, 0, 0, 0.5], "texture": "#0"},
				"south": {"uv": [8, 8.5, 9, 9], "texture": "#0"},
				"west": {"uv": [0, 0, 0, 0.5], "texture": "#0"},
				"up": {"uv": [1, 0, 0, 0], "texture": "#0"},
				"down": {"uv": [1, 0, 0, 0], "texture": "#0"}
			}
		},
		{
			"from": [5, 7, 5.499],
			"to": [7, 8, 5.499],
			"light_emission": 15,
			"rotation": {"angle": 0, "axis": "y", "origin": [4, 6, 6.4]},
			"faces": {
				"north": {"uv": [9, 2, 10, 2.5], "texture": "#0"},
				"east": {"uv": [0, 0, 0, 0.5], "texture": "#0"},
				"south": {"uv": [9, 2.5, 10, 3], "texture": "#0"},
				"west": {"uv": [0, 0, 0, 0.5], "texture": "#0"},
				"up": {"uv": [1, 0, 0, 0], "texture": "#0"},
				"down": {"uv": [1, 0, 0, 0], "texture": "#0"}
			}
		},
		{
			"from": [6, 6, 5.999],
			"to": [7, 7, 5.999],
			"light_emission": 15,
			"rotation": {"angle": 0, "axis": "y", "origin": [4, 5, 6.9]},
			"faces": {
				"north": {"uv": [6.5, 9, 7, 9.5], "texture": "#0"},
				"east": {"uv": [0, 0, 0, 0.5], "texture": "#0"},
				"south": {"uv": [7, 9, 7.5, 9.5], "texture": "#0"},
				"west": {"uv": [0, 0, 0, 0.5], "texture": "#0"},
				"up": {"uv": [0.5, 0, 0, 0], "texture": "#0"},
				"down": {"uv": [0, 0, 0.5, 0], "texture": "#0"}
			}
		},
		{
			"from": [9, 6, 5.999],
			"to": [10, 7, 5.999],
			"light_emission": 15,
			"rotation": {"angle": 0, "axis": "y", "origin": [7, 5, 6.9]},
			"faces": {
				"north": {"uv": [6.5, 9, 7, 9.5], "texture": "#0"},
				"east": {"uv": [0, 0, 0, 0.5], "texture": "#0"},
				"south": {"uv": [7, 9, 7.5, 9.5], "texture": "#0"},
				"west": {"uv": [0, 0, 0, 0.5], "texture": "#0"},
				"up": {"uv": [0.5, 0, 0, 0], "texture": "#0"},
				"down": {"uv": [0, 0, 0.5, 0], "texture": "#0"}
			}
		},
		{
			"from": [11.1, 5.25, 5],
			"to": [14.1, 8.25, 8],
			"rotation": {"angle": -45, "axis": "y", "origin": [11.1, 5.25, 5]},
			"faces": {
				"north": {"uv": [6, 4.5, 7.5, 6], "texture": "#0"},
				"east": {"uv": [5, 6, 6.5, 7.5], "texture": "#0"},
				"south": {"uv": [6.5, 6, 8, 7.5], "texture": "#0"},
				"west": {"uv": [7, 0, 8.5, 1.5], "texture": "#0"},
				"up": {"uv": [8.5, 3, 7, 1.5], "texture": "#0"},
				"down": {"uv": [8.5, 3, 7, 4.5], "texture": "#0"}
			}
		},
		{
			"from": [5.5, 6, 5.5],
			"to": [10.5, 11, 10.5],
			"rotation": {"angle": 0, "axis": "y", "origin": [6.5, 6, 6.5]},
			"faces": {
				"north": {"uv": [0, 0, 2.5, 2.5], "texture": "#0"},
				"east": {"uv": [2.5, 0, 5, 2.5], "texture": "#0"},
				"south": {"uv": [10, 8.5, 12.5, 11], "texture": "#0"},
				"west": {"uv": [10, 11, 12.5, 13.5], "texture": "#0"},
				"up": {"uv": [14, 6.5, 11.5, 4], "texture": "#0"},
				"down": {"uv": [9, 11.5, 6.5, 14], "texture": "#0"}
			}
		},
		{
			"from": [7, 5, 8.5],
			"to": [9, 6, 10.5],
			"rotation": {"angle": 0, "axis": "y", "origin": [8, 4, 6.5]},
			"faces": {
				"north": {"uv": [3, 9, 4, 9.5], "texture": "#0"},
				"east": {"uv": [9, 5.5, 9.5, 6], "texture": "#0"},
				"south": {"uv": [9, 3, 10, 3.5], "texture": "#0"},
				"west": {"uv": [6, 9, 6.5, 9.5], "texture": "#0"},
				"up": {"uv": [10, 4, 9, 3.5], "texture": "#0"},
				"down": {"uv": [5.5, 9, 4.5, 9.5], "texture": "#0"}
			}
		},
		{
			"from": [9, 5, 5.5],
			"to": [10, 6, 10.5],
			"rotation": {"angle": 0, "axis": "y", "origin": [9, 4, 5.5]},
			"faces": {
				"north": {"uv": [9, 5, 9.5, 5.5], "texture": "#0"},
				"east": {"uv": [8.5, 1, 10.5, 1.5], "texture": "#0"},
				"south": {"uv": [5.5, 9, 6, 9.5], "texture": "#0"},
				"west": {"uv": [8.5, 1.5, 10.5, 2], "texture": "#0"},
				"up": {"uv": [9, 4, 8.5, 2], "texture": "#0"},
				"down": {"uv": [4.5, 8.5, 4, 10.5], "texture": "#0"}
			}
		},
		{
			"from": [6, 5, 5.5],
			"to": [7, 6, 10.5],
			"rotation": {"angle": 0, "axis": "y", "origin": [6, 4, 5.5]},
			"faces": {
				"north": {"uv": [4.5, 8.5, 5, 9], "texture": "#0"},
				"east": {"uv": [8, 7.5, 10, 8], "texture": "#0"},
				"south": {"uv": [9, 4.5, 9.5, 5], "texture": "#0"},
				"west": {"uv": [8, 8, 10, 8.5], "texture": "#0"},
				"up": {"uv": [5.5, 4, 5, 2], "texture": "#0"},
				"down": {"uv": [6, 2, 5.5, 4], "texture": "#0"}
			}
		},
		{
			"from": [2.75, 5.25, 7],
			"to": [5.75, 8.25, 10],
			"rotation": {"angle": 45, "axis": "y", "origin": [2.75, 5.25, 7]},
			"faces": {
				"north": {"uv": [7.5, 4.5, 9, 6], "texture": "#0"},
				"east": {"uv": [5, 7.5, 6.5, 9], "texture": "#0"},
				"south": {"uv": [6.5, 7.5, 8, 9], "texture": "#0"},
				"west": {"uv": [0, 8, 1.5, 9.5], "texture": "#0"},
				"up": {"uv": [3, 9.5, 1.5, 8], "texture": "#0"},
				"down": {"uv": [9.5, 6, 8, 7.5], "texture": "#0"}
			}
		},
		{
			"name": "cube_outline",
			"from": [5.95, 8.45, 10.2],
			"to": [2.55, 5.05, 6.8],
			"rotation": {"angle": 45, "axis": "y", "origin": [2.75, 5.25, 7]},
			"faces": {
				"north": {"uv": [6.5, 2.5, 8, 4], "texture": "#1"},
				"east": {"uv": [4, 6.5, 5.5, 8], "texture": "#1"},
				"south": {"uv": [7, 4, 8.5, 5.5], "texture": "#1"},
				"west": {"uv": [5.5, 7, 7, 8.5], "texture": "#1"},
				"up": {"uv": [7.625, 9.25, 6.125, 7.75], "texture": "#1"},
				"down": {"uv": [8.5, 7, 7, 8.5], "texture": "#1"}
			}
		},
		{
			"name": "cube_outline",
			"from": [7.2, 6.2, 10.7],
			"to": [5.8, 4.8, 5.3],
			"rotation": {"angle": 0, "axis": "y", "origin": [6, 4, 5.5]},
			"faces": {
				"north": {"uv": [4, 8, 4.5, 8.5], "texture": "#1"},
				"east": {"uv": [0, 10.375, 1.5, 10.875], "texture": "#1"},
				"south": {"uv": [4.5, 8, 5, 8.5], "texture": "#1"},
				"west": {"uv": [7.5, 1, 10, 1.5], "texture": "#1"},
				"up": {"uv": [1.5, 10.5, 1, 8], "texture": "#1"},
				"down": {"uv": [0.5, 11.5, 0, 14], "texture": "#1"}
			}
		},
		{
			"name": "cube_outline",
			"from": [10.2, 6.2, 10.7],
			"to": [8.8, 4.8, 5.3],
			"rotation": {"angle": 0, "axis": "y", "origin": [9, 4, 5.5]},
			"faces": {
				"north": {"uv": [5, 4, 5.5, 4.5], "texture": "#1"},
				"east": {"uv": [0, 10.075, 2, 10.575], "texture": "#1"},
				"south": {"uv": [5, 4.5, 5.5, 5], "texture": "#1"},
				"west": {"uv": [7.5, 0, 10, 0.5], "texture": "#1"},
				"up": {"uv": [0.5, 10.5, 0, 8], "texture": "#1"},
				"down": {"uv": [1.5, 11, 1, 13.5], "texture": "#1"}
			}
		},
		{
			"name": "cube_outline",
			"from": [9.2, 6.2, 10.7],
			"to": [6.8, 4.8, 8.3],
			"rotation": {"angle": 0, "axis": "y", "origin": [8, 4, 6.5]},
			"faces": {
				"north": {"uv": [8, 2.5, 9, 3], "texture": "#1"},
				"east": {"uv": [3, 8, 4, 8.5], "texture": "#1"},
				"south": {"uv": [8, 3, 9, 3.5], "texture": "#1"},
				"west": {"uv": [8, 3.5, 9, 4], "texture": "#1"},
				"up": {"uv": [8.5, 2.5, 7.5, 1.5], "texture": "#1"},
				"down": {"uv": [3, 8, 2, 9], "texture": "#1"}
			}
		},
		{
			"name": "cube_outline",
			"from": [10.7, 11.2, 10.7],
			"to": [5.3, 5.8, 5.3],
			"rotation": {"angle": 0, "axis": "y", "origin": [6.5, 6, 6.5]},
			"faces": {
				"north": {"uv": [0, 0, 2.5, 2.5], "texture": "#1"},
				"east": {"uv": [6.25, 9.75, 7.75, 7.25], "texture": "#1"},
				"south": {"uv": [2.5, 0, 5, 2.5], "texture": "#1"},
				"west": {"uv": [2.5, 2.5, 5, 5], "texture": "#1"},
				"up": {"uv": [5.375, 6.5, 7.125, 9], "texture": "#1"},
				"down": {"uv": [7.5, 0, 5, 2.5], "texture": "#1"}
			}
		},
		{
			"name": "cube_outline",
			"from": [14.3, 8.45, 8.2],
			"to": [10.9, 5.05, 4.8],
			"rotation": {"angle": -45, "axis": "y", "origin": [11.1, 5.25, 5]},
			"faces": {
				"north": {"uv": [6, 8.425, 7.5, 9.925], "rotation": 90, "texture": "#1"},
				"east": {"uv": [5, 2.5, 6.5, 4], "texture": "#1"},
				"south": {"uv": [4, 5, 5.5, 6.5], "texture": "#1"},
				"west": {"uv": [5.5, 4, 7, 5.5], "texture": "#1"},
				"up": {"uv": [7, 7, 5.5, 5.5], "texture": "#1"},
				"down": {"uv": [4, 6.5, 2.5, 8], "texture": "#1"}
			}
		}
	],
	"display": {
		"thirdperson_righthand": {
			"translation": [0, 3, 1.25],
			"scale": [0.75, 0.75, 0.75]
		},
		"thirdperson_lefthand": {
			"translation": [0, 3, 1.25],
			"scale": [0.75, 0.75, 0.75]
		},
		"firstperson_righthand": {
			"rotation": [168.42, 76.25, 170.38],
			"translation": [0.75, 7, 1.25],
			"scale": [0.8, 0.8, 0.8]
		},
		"firstperson_lefthand": {
			"rotation": [168.42, 76.25, 170.38],
			"translation": [0.75, 7, 1.25],
			"scale": [0.8, 0.8, 0.8]
		}
	},
	"groups": [
		{
			"name": "kay",
			"origin": [9, 6, 6],
			"color": 0,
			"children": [0, 1, 2, 3, 4, 5, 6, 7, 8, 9, 10, 11, 12, 13, 14, 15, 16, 17, 18]
		}
	]
}