{
	"credit": "Made with Blockbench",
	"texture_size": [32, 32],
	"textures": {
		"0": "item/phantom_membrane_hand",
		"particle": "item/phantom_membrane_hand"
	},
	"elements": [
		{
			"from": [6, 2, 7],
			"to": [12, 4, 13],
			"rotation": {"angle": 0, "axis": "y", "origin": [6, 2, 7]},
			"faces": {
				"north": {"uv": [3, 4, 6, 5], "texture": "#0"},
				"east": {"uv": [5, 0, 8, 1], "texture": "#0"},
				"south": {"uv": [5, 1, 8, 2], "texture": "#0"},
				"west": {"uv": [5, 2, 8, 3], "texture": "#0"},
				"up": {"uv": [3, 3, 0, 0], "texture": "#0"},
				"down": {"uv": [3, 3, 0, 6], "texture": "#0"}
			}
		},
		{
			"from": [3, 2, 3],
			"to": [7, 4, 7],
			"rotation": {"angle": 0, "axis": "y", "origin": [5, 2, 5]},
			"faces": {
				"north": {"uv": [5, 3, 7, 4], "texture": "#0"},
				"east": {"uv": [6, 4, 8, 5], "texture": "#0"},
				"south": {"uv": [6, 5, 8, 6], "texture": "#0"},
				"west": {"uv": [6, 6, 8, 7], "texture": "#0"},
				"up": {"uv": [5, 2, 3, 0], "texture": "#0"},
				"down": {"uv": [5, 2, 3, 4], "texture": "#0"}
			}
		},
		{
			"from": [7, 1, 4],
			"to": [10, 3, 7],
			"rotation": {"angle": 0, "axis": "y", "origin": [7, 1, 5]},
			"faces": {
				"north": {"uv": [3, 6.5, 4.5, 7.5], "texture": "#0"},
				"east": {"uv": [4.5, 6.5, 6, 7.5], "texture": "#0"},
				"south": {"uv": [7, 3, 8.5, 4], "texture": "#0"},
				"west": {"uv": [6, 7, 7.5, 8], "texture": "#0"},
				"up": {"uv": [4.5, 6.5, 3, 5], "texture": "#0"},
				"down": {"uv": [6, 5, 4.5, 6.5], "texture": "#0"}
			}
		},
		{
			"from": [3, 1, 7],
			"to": [6, 3, 10],
			"rotation": {"angle": 0, "axis": "y", "origin": [4, 1, 7]},
			"faces": {
				"north": {"uv": [0, 7.5, 1.5, 8.5], "texture": "#0"},
				"east": {"uv": [1.5, 7.5, 3, 8.5], "texture": "#0"},
				"south": {"uv": [3, 7.5, 4.5, 8.5], "texture": "#0"},
				"west": {"uv": [4.5, 7.5, 6, 8.5], "texture": "#0"},
				"up": {"uv": [1.5, 7.5, 0, 6], "texture": "#0"},
				"down": {"uv": [3, 6, 1.5, 7.5], "texture": "#0"}
			}
		}
	],
	"display": {
		"thirdperson_righthand": {
			"translation": [0.75, 4.5, 2.5],
			"scale": [0.75, 0.75, 0.75]
		},
		"thirdperson_lefthand": {
			"translation": [0.75, 4.5, 2.5],
			"scale": [0.75, 0.75, 0.75]
		},
		"firstperson_righthand": {
			"rotation": [-23.41, 70.62, 4.96],
			"translation": [0.75, 7, 1.25],
			"scale": [0.8, 0.8, 0.8]
		},
		"firstperson_lefthand": {
			"rotation": [-23.41, 70.62, 4.96],
			"translation": [0.75, 7, 1.25]
		}
	},
	"groups": [
		{
			"name": "phantom_membrane",
			"origin": [6, 1.5, 7],
			"color": 0,
			"children": [0, 1, 2, 3]
		}
	]
}