{
	"credit": "Made with Blockbench",
	"textures": {
		"0": "item/prismarine_crystals_hand",
		"particle": "item/prismarine_crystals_hand"
	},
	"elements": [
		{
			"from": [5, 3, 7],
			"to": [9, 4, 12],
			"rotation": {"angle": 0, "axis": "y", "origin": [5, 3, 7]},
			"faces": {
				"north": {"uv": [12, 3, 16, 4], "texture": "#0"},
				"east": {"uv": [5, 11, 10, 12], "texture": "#0"},
				"south": {"uv": [4, 12, 8, 13], "texture": "#0"},
				"west": {"uv": [10, 11, 15, 12], "texture": "#0"},
				"up": {"uv": [12, 5, 8, 0], "texture": "#0"},
				"down": {"uv": [12, 5, 8, 10], "texture": "#0"}
			}
		},
		{
			"from": [6, 2, 6],
			"to": [10, 3, 11],
			"rotation": {"angle": 0, "axis": "y", "origin": [6, 2, 6]},
			"faces": {
				"north": {"uv": [12, 3, 16, 4], "texture": "#0"},
				"east": {"uv": [5, 11, 10, 12], "texture": "#0"},
				"south": {"uv": [4, 12, 8, 13], "texture": "#0"},
				"west": {"uv": [10, 11, 15, 12], "texture": "#0"},
				"up": {"uv": [12, 5, 8, 0], "texture": "#0"},
				"down": {"uv": [12, 5, 8, 10], "texture": "#0"}
			}
		},
		{
			"from": [7, 4, 6],
			"to": [11, 5, 11],
			"rotation": {"angle": -22.5, "axis": "y", "origin": [7, 4, 6]},
			"faces": {
				"north": {"uv": [12, 3, 16, 4], "texture": "#0"},
				"east": {"uv": [5, 11, 10, 12], "texture": "#0"},
				"south": {"uv": [4, 12, 8, 13], "texture": "#0"},
				"west": {"uv": [10, 11, 15, 12], "texture": "#0"},
				"up": {"uv": [12, 5, 8, 0], "texture": "#0"},
				"down": {"uv": [12, 5, 8, 10], "texture": "#0"}
			}
		}
	],
	"display": {
		"thirdperson_righthand": {
			"translation": [0.5, 3, 2],
			"scale": [0.5, 0.5, 0.5]
		},
		"thirdperson_lefthand": {
			"translation": [-0.25, 3, 2],
			"scale": [0.5, 0.5, 0.5]
		},
		"firstperson_righthand": {
			"rotation": [168.42, 76.25, 170.38],
			"translation": [0.75, 7, 1.25],
			"scale": [0.8, 0.8, 0.8]
		},
		"firstperson_lefthand": {
			"rotation": [168.42, 76.25, 170.38],
			"translation": [0.75, 7, 1.25],
			"scale": [0.8, 0.8, 0.8]
		}
	},
	"groups": [
		{
			"name": "prismarine_crystals",
			"origin": [8, 0, 4],
			"color": 0,
			"children": [0, 1, 2]
		}
	]
}