{
	"credit": "Made with Blockbench",
	"texture_size": [32, 32],
	"textures": {
		"1": "item/redstone_dust_hand",
		"particle": "item/redstone_dust_hand"
	},
	"elements": [
		{
			"from": [5, 1, 5],
			"to": [8, 3, 8],
			"light_emission": 15,
			"rotation": {"angle": 0, "axis": "y", "origin": [7, 1, 2]},
			"faces": {
				"north": {"uv": [6.5, 3.5, 8, 4.5], "texture": "#1"},
				"east": {"uv": [6.5, 4.5, 8, 5.5], "texture": "#1"},
				"south": {"uv": [2, 7, 3.5, 8], "texture": "#1"},
				"west": {"uv": [5.5, 7, 7, 8], "texture": "#1"},
				"up": {"uv": [4, 7, 2.5, 5.5], "texture": "#1"},
				"down": {"uv": [5.5, 6, 4, 7.5], "texture": "#1"}
			}
		},
		{
			"from": [7, 1, 4],
			"to": [11, 4, 8],
			"light_emission": 15,
			"rotation": {"angle": 0, "axis": "y", "origin": [9, 1, 2]},
			"faces": {
				"north": {"uv": [4, 1.5, 6, 3], "texture": "#1"},
				"east": {"uv": [2.5, 4, 4.5, 5.5], "texture": "#1"},
				"south": {"uv": [4.5, 3, 6.5, 4.5], "texture": "#1"},
				"west": {"uv": [4.5, 4.5, 6.5, 6], "texture": "#1"},
				"up": {"uv": [2, 2, 0, 0], "texture": "#1"},
				"down": {"uv": [2, 2, 0, 4], "texture": "#1"}
			}
		},
		{
			"from": [5.5, 1, 8],
			"to": [10.5, 3, 11],
			"light_emission": 15,
			"rotation": {"angle": 0, "axis": "y", "origin": [9.5, 1, 5]},
			"faces": {
				"north": {"uv": [0, 5.5, 2.5, 6.5], "texture": "#1"},
				"east": {"uv": [7, 7, 8.5, 8], "texture": "#1"},
				"south": {"uv": [6, 1.5, 8.5, 2.5], "texture": "#1"},
				"west": {"uv": [0, 7.5, 1.5, 8.5], "texture": "#1"},
				"up": {"uv": [2.5, 5.5, 0, 4], "texture": "#1"},
				"down": {"uv": [6.5, 0, 4, 1.5], "texture": "#1"}
			}
		},
		{
			"from": [6, 3, 6],
			"to": [10, 5, 10],
			"light_emission": 15,
			"rotation": {"angle": 0, "axis": "y", "origin": [7, 3, 5]},
			"faces": {
				"north": {"uv": [5.5, 6, 7.5, 7], "texture": "#1"},
				"east": {"uv": [0, 6.5, 2, 7.5], "texture": "#1"},
				"south": {"uv": [6.5, 0, 8.5, 1], "texture": "#1"},
				"west": {"uv": [6.5, 2.5, 8.5, 3.5], "texture": "#1"},
				"up": {"uv": [4, 2, 2, 0], "texture": "#1"},
				"down": {"uv": [4, 2, 2, 4], "texture": "#1"}
			}
		},
		{
			"from": [8.2, 5, 7],
			"to": [10.2, 7, 9],
			"light_emission": 15,
			"rotation": {"angle": -22.5, "axis": "z", "origin": [7.2, 5, 4]},
			"faces": {
				"north": {"uv": [3.5, 7.5, 4.5, 8.5], "texture": "#1"},
				"east": {"uv": [4.5, 7.5, 5.5, 8.5], "texture": "#1"},
				"south": {"uv": [7.5, 5.5, 8.5, 6.5], "texture": "#1"},
				"west": {"uv": [1.5, 8, 2.5, 9], "texture": "#1"},
				"up": {"uv": [3.5, 9, 2.5, 8], "texture": "#1"},
				"down": {"uv": [9, 3.5, 8, 4.5], "texture": "#1"}
			}
		}
	],
	"display": {
		"thirdperson_righthand": {
			"translation": [0.5, 3, 2],
			"scale": [0.5, 0.5, 0.5]
		},
		"thirdperson_lefthand": {
			"translation": [0.5, 3, 2],
			"scale": [0.5, 0.5, 0.5]
		},
		"firstperson_righthand": {
			"rotation": [-23.41, 70.62, 4.96],
			"translation": [0.75, 7, 1.25],
			"scale": [0.8, 0.8, 0.8]
		},
		"firstperson_lefthand": {
			"rotation": [-23.41, 70.62, 4.96],
			"translation": [0.75, 7, 1.25],
			"scale": [0.8, 0.8, 0.8]
		}
	},
	"groups": [
		{
			"name": "shit",
			"origin": [7.2, 4, 4],
			"color": 0,
			"children": [0, 1, 2, 3, 4]
		}
	]
}