{
	"credit": "Made with Blockbench",
	"texture_size": [32, 32],
	"textures": {
		"1": "item/saddle_hand"
	},
	"elements": [
		{
			"from": [4.75, 2, 1.75],
			"to": [7, 5.25, 11.25],
			"rotation": {"angle": 0, "axis": "y", "origin": [5, 4, 2]},
			"faces": {
				"north": {"uv": [6, 2.5, 7, 4], "texture": "#1"},
				"east": {"uv": [0, 4.5, 5, 6], "texture": "#1"},
				"south": {"uv": [7, 2.5, 8, 4], "texture": "#1"},
				"west": {"uv": [5, 4.5, 10, 6], "texture": "#1"},
				"up": {"uv": [6, 11, 5, 6], "texture": "#1"},
				"down": {"uv": [7, 6, 6, 11], "texture": "#1"}
			}
		},
		{
			"from": [9, 2, 1.75],
			"to": [11.25, 5.25, 11.25],
			"rotation": {"angle": 0, "axis": "y", "origin": [9.25, 4, 2]},
			"faces": {
				"north": {"uv": [1, 7.5, 2, 9], "texture": "#1"},
				"east": {"uv": [0, 6, 5, 7.5], "texture": "#1"},
				"south": {"uv": [2, 7.5, 3, 9], "texture": "#1"},
				"west": {"uv": [6, 0, 11, 1.5], "texture": "#1"},
				"up": {"uv": [8, 11, 7, 6], "texture": "#1"},
				"down": {"uv": [1, 7.5, 0, 12.5], "texture": "#1"}
			}
		},
		{
			"from": [5, 4, 2],
			"to": [11, 5, 11],
			"rotation": {"angle": 0, "axis": "y", "origin": [5, 3, 2]},
			"faces": {
				"north": {"uv": [6, 4, 9, 4.5], "texture": "#1"},
				"east": {"uv": [6, 1.5, 10.5, 2], "texture": "#1"},
				"south": {"uv": [8, 2.5, 11, 3], "texture": "#1"},
				"west": {"uv": [6, 2, 10.5, 2.5], "texture": "#1"},
				"up": {"uv": [3, 4.5, 0, 0], "texture": "#1"},
				"down": {"uv": [6, 0, 3, 4.5], "texture": "#1"}
			}
		},
		{
			"from": [3.75, 3, 8],
			"to": [3.75, 6, 9],
			"rotation": {"angle": -22.5, "axis": "z", "origin": [1.75, 3, 8]},
			"faces": {
				"north": {"uv": [0, 0, 0, 1.5], "texture": "#1"},
				"east": {"uv": [8, 7, 8.5, 8.5], "texture": "#1"},
				"south": {"uv": [0, 0, 0, 1.5], "texture": "#1"},
				"west": {"uv": [3, 8.5, 3.5, 10], "texture": "#1"},
				"up": {"uv": [0, 0.5, 0, 0], "texture": "#1"},
				"down": {"uv": [0, 0, 0, 0.5], "texture": "#1"}
			}
		},
		{
			"from": [12.6, 1.5, 8],
			"to": [12.6, 4.5, 9],
			"rotation": {"angle": 22.5, "axis": "z", "origin": [10.6, 1.5, 8]},
			"faces": {
				"north": {"uv": [0, 0, 0, 1.5], "texture": "#1"},
				"east": {"uv": [3.5, 8.5, 4, 10], "texture": "#1"},
				"south": {"uv": [0, 0, 0, 1.5], "texture": "#1"},
				"west": {"uv": [4, 8.5, 4.5, 10], "texture": "#1"},
				"up": {"uv": [0, 0, 0, 0.5], "texture": "#1"},
				"down": {"uv": [0, 0, 0, 0.5], "texture": "#1"}
			}
		},
		{
			"from": [12.45, 0.3, 7],
			"to": [12.45, 2.3, 9],
			"rotation": {"angle": 0, "axis": "y", "origin": [10.45, 0.3, 7]},
			"faces": {
				"north": {"uv": [0, 0, 0, 1], "texture": "#1"},
				"east": {"uv": [8, 3, 9, 4], "texture": "#1"},
				"south": {"uv": [0, 0, 0, 1], "texture": "#1"},
				"west": {"uv": [9, 3, 8, 4], "texture": "#1"},
				"up": {"uv": [0, 1, 0, 0], "texture": "#1"},
				"down": {"uv": [0, 0, 0, 1], "texture": "#1"}
			}
		},
		{
			"from": [3.6, 0.3, 7],
			"to": [3.6, 2.3, 9],
			"rotation": {"angle": 0, "axis": "y", "origin": [1.6, 0.3, 7]},
			"faces": {
				"north": {"uv": [0, 0, 0, 1], "texture": "#1"},
				"east": {"uv": [8, 3, 9, 4], "texture": "#1"},
				"south": {"uv": [0, 0, 0, 1], "texture": "#1"},
				"west": {"uv": [9, 3, 8, 4], "texture": "#1"},
				"up": {"uv": [0, 1, 0, 0], "texture": "#1"},
				"down": {"uv": [0, 0, 0, 1], "texture": "#1"}
			}
		}
	],
	"display": {
		"thirdperson_righthand": {
			"rotation": [-20.25, 0, 0],
			"translation": [0, 2, -4]
		},
		"thirdperson_lefthand": {
			"rotation": [-20.25, 0, 0],
			"translation": [0, 2, -4]
		},
		"firstperson_righthand": {
			"rotation": [-42.27, 14.34, 33.75],
			"translation": [-1.25, 7.25, 0]
		},
		"firstperson_lefthand": {
			"rotation": [-42.27, 14.34, 33.75],
			"translation": [-1.25, 7.25, 0]
		},
		"gui": {
			"rotation": [30, -135, 0],
			"translation": [-1, 4.25, 0]
		}
	},
	"groups": [
		{
			"name": "saddle",
			"origin": [10.45, -0.7, 6.5],
			"color": 0,
			"children": [0, 1, 2, 3, 4, 5, 6]
		}
	]
}