{
	"credit": "Made with Blockbench",
	"texture_size": [32, 32],
	"textures": {
		"0": "item/shaper_armor_trim_smithing_template_hand",
		"particle": "item/shaper_armor_trim_smithing_template_hand"
	},
	"elements": [
		{
			"from": [9.001, 0, 6.5],
			"to": [9.001, 7, 13.5],
			"light_emission": 15,
			"rotation": {"angle": 0, "axis": "y", "origin": [7.1, 0, 6.5]},
			"faces": {
				"north": {"uv": [0, 0, 0, 3.5], "texture": "#0"},
				"east": {"uv": [4, 5, 7.5, 8.5], "texture": "#0"},
				"south": {"uv": [0, 0, 0, 3.5], "texture": "#0"},
				"west": {"uv": [11, 5, 14.5, 8.5], "texture": "#0"},
				"up": {"uv": [0, 3.5, 0, 0], "texture": "#0"},
				"down": {"uv": [0, 0, 0, 3.5], "texture": "#0"}
			}
		},
		{
			"from": [7, -2, 6],
			"to": [9, 8, 14],
			"rotation": {"angle": 0, "axis": "y", "origin": [7, -2, 6]},
			"faces": {
				"north": {"uv": [0, 5, 1, 10], "texture": "#0"},
				"east": {"uv": [0, 0, 4, 5], "texture": "#0"},
				"south": {"uv": [1, 5, 0, 10], "texture": "#0"},
				"west": {"uv": [4, 0, 8, 5], "texture": "#0"},
				"up": {"uv": [3, 9, 2, 5], "texture": "#0"},
				"down": {"uv": [8, 4, 4, 5], "texture": "#0"}
			}
		}
	],
	"display": {
		"thirdperson_righthand": {
			"translation": [0, 1.5, -2],
			"scale": [0.7, 0.7, 0.7]
		},
		"thirdperson_lefthand": {
			"translation": [0, 1.5, -2],
			"scale": [0.7, 0.7, 0.7]
		},
		"firstperson_righthand": {
			"rotation": [168.42, 76.25, 170.38],
			"translation": [0.75, 7, 1.25],
			"scale": [0.8, 0.8, 0.8]
		},
		"firstperson_lefthand": {
			"rotation": [168.42, 76.25, 170.38],
			"translation": [0.75, 7, 1.25],
			"scale": [0.8, 0.8, 0.8]
		}
	},
	"groups": [
		{
			"name": "trim",
			"origin": [7, 0, 0],
			"color": 0,
			"children": [0, 1]
		}
	]
}