{
	"credit": "Made with Blockbench",
	"texture_size": [32, 32],
	"textures": {
		"0": "item/string_hand",
		"particle": "item/string_hand"
	},
	"elements": [
		{
			"from": [7, 0, 6],
			"to": [11, 4, 10],
			"rotation": {"angle": -45, "axis": "y", "origin": [9, 0, 8]},
			"faces": {
				"north": {"uv": [0, 0, 2, 2], "texture": "#0"},
				"east": {"uv": [0, 2, 2, 4], "texture": "#0"},
				"south": {"uv": [2, 0, 4, 2], "texture": "#0"},
				"west": {"uv": [2, 2, 4, 4], "texture": "#0"},
				"up": {"uv": [2, 6, 0, 4], "texture": "#0"},
				"down": {"uv": [6, 0, 4, 2], "texture": "#0"}
			}
		},
		{
			"from": [6.5, 0, 5.5],
			"to": [11.5, 4, 10.5],
			"rotation": {"angle": -45, "axis": "y", "origin": [9, 0, 8]},
			"faces": {
				"north": {"uv": [4.5, 4.5, 7, 6.5], "texture": "#0"},
				"east": {"uv": [6, 0, 8.5, 2], "texture": "#0"},
				"south": {"uv": [0, 6.5, 2.5, 8.5], "texture": "#0"},
				"west": {"uv": [2.5, 6.5, 5, 8.5], "texture": "#0"},
				"up": {"uv": [4.5, 6.5, 2, 4], "texture": "#0"},
				"down": {"uv": [7, 2, 4.5, 4.5], "texture": "#0"}
			}
		},
		{
			"from": [8.5, 3.55, 1.5],
			"to": [9.5, 3.55, 4.5],
			"rotation": {"angle": -45, "axis": "x", "origin": [10.5, 3.55, 6.5]},
			"faces": {
				"north": {"uv": [0, 0, 0.5, 0], "texture": "#0"},
				"east": {"uv": [0, 0, 1.5, 0], "texture": "#0"},
				"south": {"uv": [0, 0, 0.5, 0], "texture": "#0"},
				"west": {"uv": [0, 0, 1.5, 0], "texture": "#0"},
				"up": {"uv": [4.5, 3.5, 4, 2], "texture": "#0"},
				"down": {"uv": [5.5, 6.5, 5, 8], "texture": "#0"}
			}
		}
	],
	"display": {
		"thirdperson_righthand": {
			"translation": [-0.5, 4, 0],
			"scale": [0.6, 0.6, 0.6]
		},
		"thirdperson_lefthand": {
			"translation": [0.75, 4, 0],
			"scale": [0.6, 0.6, 0.6]
		},
		"firstperson_righthand": {
			"rotation": [-23.41, 70.62, 4.96],
			"translation": [0.75, 7, 1.25],
			"scale": [0.8, 0.8, 0.8]
		},
		"firstperson_lefthand": {
			"rotation": [-23.41, 70.62, 4.96],
			"translation": [0.75, 7, 1.25],
			"scale": [0.8, 0.8, 0.8]
		}
	},
	"groups": [
		{
			"name": "string",
			"origin": [5, 0, 3],
			"color": 0,
			"children": [0, 1]
		},
		2
	]
}