{
	"credit": "Made with Blockbench",
	"texture_size": [32, 32],
	"textures": {
		"3": "item/totem_of_undying_hand"
	},
	"elements": [
		{
			"from": [6.0001, 2.21927, 5.30448],
			"to": [11.9991, 4.21927, 7.30448],
			"light_emission": 15,
			"rotation": {"angle": 22.5, "axis": "x", "origin": [9, 1.75, 8]},
			"faces": {
				"north": {"uv": [0, 8, 3, 9], "texture": "#3"},
				"east": {"uv": [8.5, 0, 9.5, 1], "texture": "#3"},
				"south": {"uv": [10.5, 7, 13.5, 8], "texture": "#3"},
				"west": {"uv": [8.5, 1, 9.5, 2], "texture": "#3"},
				"up": {"uv": [3, 13, 2, 10], "rotation": 90, "texture": "#3"},
				"down": {"uv": [5, 8, 4, 11], "rotation": 270, "texture": "#3"}
			}
		},
		{
			"from": [6, 5.5, 5.5],
			"to": [12, 11.5, 9.5],
			"light_emission": 15,
			"rotation": {"angle": 0, "axis": "y", "origin": [9, 1.75, 8]},
			"faces": {
				"north": {"uv": [0, 3, 3, 6], "texture": "#3"},
				"east": {"uv": [3, 0, 5, 3], "texture": "#3"},
				"south": {"uv": [0, 0, 3, 3], "texture": "#3"},
				"west": {"uv": [3, 3, 5, 6], "texture": "#3"},
				"up": {"uv": [7, 3, 5, 0], "rotation": 90, "texture": "#3"},
				"down": {"uv": [7, 3, 5, 6], "rotation": 270, "texture": "#3"}
			}
		},
		{
			"from": [8, 5, 4.5],
			"to": [10, 8, 5.5],
			"light_emission": 15,
			"rotation": {"angle": 0, "axis": "y", "origin": [9, 1.75, 8]},
			"faces": {
				"north": {"uv": [7.5, 8, 8.5, 9.5], "texture": "#3"},
				"east": {"uv": [8.5, 2, 9, 3.5], "texture": "#3"},
				"south": {"uv": [5, 10, 6, 11.5], "texture": "#3"},
				"west": {"uv": [8.5, 3.5, 9, 5], "texture": "#3"},
				"up": {"uv": [7.5, 6, 7, 5], "rotation": 90, "texture": "#3"},
				"down": {"uv": [9, 8, 8.5, 9], "rotation": 270, "texture": "#3"}
			}
		},
		{
			"from": [6, 1.5, 6.5],
			"to": [12, 5.5, 9.5],
			"light_emission": 15,
			"rotation": {"angle": 0, "axis": "y", "origin": [9, 1.75, 8]},
			"faces": {
				"north": {"uv": [3, 6, 6, 8], "texture": "#3"},
				"east": {"uv": [7, 3, 8.5, 5], "texture": "#3"},
				"south": {"uv": [0, 6, 3, 8], "texture": "#3"},
				"west": {"uv": [7.5, 5, 9, 7], "texture": "#3"},
				"up": {"uv": [7.5, 9, 6, 6], "rotation": 90, "texture": "#3"},
				"down": {"uv": [8.5, 0, 7, 3], "rotation": 270, "texture": "#3"}
			}
		},
		{
			"from": [12.44081, 2.37292, 7.5],
			"to": [15.44081, 4.37292, 8.5],
			"light_emission": 15,
			"rotation": {"angle": 22.5, "axis": "z", "origin": [9, 1.65, 8]},
			"faces": {
				"north": {"uv": [1.5, 9, 3, 10], "texture": "#3"},
				"east": {"uv": [9.5, 1, 10, 2], "texture": "#3"},
				"south": {"uv": [0, 9, 1.5, 10], "texture": "#3"},
				"west": {"uv": [5.5, 10, 6, 11], "texture": "#3"},
				"up": {"uv": [9.5, 5.5, 9, 4], "rotation": 90, "texture": "#3"},
				"down": {"uv": [9.5, 5.5, 9, 7], "rotation": 270, "texture": "#3"}
			}
		},
		{
			"from": [12.01986, 1.35665, 7.5],
			"to": [14.01986, 2.35665, 8.5],
			"light_emission": 15,
			"rotation": {"angle": 22.5, "axis": "z", "origin": [9, 1.65, 8]},
			"faces": {
				"north": {"uv": [8.5, 9, 9.5, 9.5], "texture": "#3"},
				"east": {"uv": [8.5, 9.5, 9, 10], "texture": "#3"},
				"south": {"uv": [9, 8, 10, 8.5], "texture": "#3"},
				"west": {"uv": [5.5, 10.5, 6, 11], "texture": "#3"},
				"up": {"uv": [10, 9, 9.5, 8], "rotation": 90, "texture": "#3"},
				"down": {"uv": [10, 0, 9.5, 1], "rotation": 270, "texture": "#3"}
			}
		},
		{
			"from": [3.98014, 1.35665, 7.5],
			"to": [5.98014, 2.35665, 8.5],
			"light_emission": 15,
			"rotation": {"angle": -22.5, "axis": "z", "origin": [9, 1.65, 8]},
			"faces": {
				"north": {"uv": [5, 9.5, 6, 10], "texture": "#3"},
				"east": {"uv": [5.5, 10, 6, 10.5], "texture": "#3"},
				"south": {"uv": [9, 8.5, 10, 9], "texture": "#3"},
				"west": {"uv": [9.5, 9.5, 10, 10], "texture": "#3"},
				"up": {"uv": [10, 7, 9.5, 6], "rotation": 90, "texture": "#3"},
				"down": {"uv": [10, 6, 9.5, 7], "rotation": 270, "texture": "#3"}
			}
		},
		{
			"from": [2.55919, 2.37292, 7.5],
			"to": [5.55919, 4.37292, 8.5],
			"light_emission": 15,
			"rotation": {"angle": -22.5, "axis": "z", "origin": [9, 1.65, 8]},
			"faces": {
				"north": {"uv": [9, 3, 10.5, 4], "texture": "#3"},
				"east": {"uv": [5.5, 10, 6, 11], "texture": "#3"},
				"south": {"uv": [9, 2, 10.5, 3], "texture": "#3"},
				"west": {"uv": [8, 9.5, 8.5, 10.5], "texture": "#3"},
				"up": {"uv": [6.5, 10.5, 6, 9], "rotation": 90, "texture": "#3"},
				"down": {"uv": [7, 9, 6.5, 10.5], "rotation": 270, "texture": "#3"}
			}
		}
	],
	"display": {
		"thirdperson_righthand": {
			"rotation": [0, 180, 0],
			"translation": [0, 3.5, 1],
			"scale": [0.55, 0.55, 0.55]
		},
		"thirdperson_lefthand": {
			"rotation": [0, 180, 0],
			"translation": [0, 3.5, 1],
			"scale": [0.55, 0.55, 0.55]
		},
		"firstperson_righthand": {
			"rotation": [-23.41, 70.62, 4.96],
			"translation": [0.75, 7, 2.75],
			"scale": [0.8, 0.8, 0.8]
		},
		"firstperson_lefthand": {
			"rotation": [-23.41, 70.62, 4.96],
			"translation": [0.75, 7, 1.25],
			"scale": [0.8, 0.8, 0.8]
		},
		"ground": {
			"translation": [0, 4.75, 0]
		},
		"gui": {
			"rotation": [30, -135, 0],
			"translation": [0, 1.75, 0]
		}
	},
	"groups": [
		{
			"name": "totem",
			"origin": [7, 0, 7],
			"color": 0,
			"children": [
				0,
				1,
				2,
				3,
				{
					"name": "group",
					"origin": [8, 3, 4.25],
					"color": 0,
					"children": [4, 5, 6, 7]
				}
			]
		}
	]
}